codigo_municipio;codigo_proyecto;codigo_recurso;año;trimestre;tipo_contraprestacion;valor_contraprestacion;cantidad_producida
5001;1;1;2023;1;REGALIAS;1376849;5543
5001;1;1;2023;2;REGALIAS;6047739;22264
5001;1;2;2023;1;REGALIAS;23502864;133637.04
5001;1;2;2023;2;REGALIAS;2115523;10649.88
5001;1;3;2023;1;REGALIAS;2678874;43070
5001;1;3;2023;2;REGALIAS;2823888;40196
5001;1;4;2023;1;REGALIAS;31589078;283022.4
5001;1;4;2023;2;REGALIAS;35892961;284714.4
5001;1;5;2023;1;REGALIAS;6525312;0.000736
5001;1;6;2023;1;REGALIAS;34475;0.0003
5002;1;1;2023;2;REGALIAS;2088159;7442
5004;1;5;2023;1;REGALIAS;825784;0.000093
5004;1;5;2023;1;REGALIAS;240772;0.000026
5004;1;5;2023;1;REGALIAS;846017;0.000092
5004;1;5;2023;2;REGALIAS;139392;0.000015
5004;1;5;2023;2;REGALIAS;61062;0.000007
5004;1;6;2023;1;REGALIAS;1907;0.000017
5004;1;6;2023;1;REGALIAS;418;0.000004
5004;1;6;2023;1;REGALIAS;1635;0.000014
5004;1;6;2023;2;REGALIAS;186;0.000002
5004;1;6;2023;2;REGALIAS;69;0.000001
5030;1;7;2023;2;REGALIAS;320482568;14678
5030;1;1;2023;1;REGALIAS;1484382;5291
5030;1;1;2023;2;REGALIAS;4591751;16366
5030;1;2;2023;1;REGALIAS;15831359;0
5031;1;8;2023;1;REGALIAS;1889958;1863
5031;1;1;2023;1;REGALIAS;1114483;3972
5031;1;1;2023;2;REGALIAS;2656817;9469
5031;1;9;2023;1;REGALIAS;3554989;3103
5031;1;9;2023;2;REGALIAS;3535305;2732
5031;1;5;2023;1;REGALIAS;61140056;0.006897
5031;1;5;2023;1;REGALIAS;241067063;0.024915
5031;1;5;2023;1;REGALIAS;171289644;0.001782
5031;1;5;2023;2;REGALIAS;207443506;0.021016
5031;1;5;2023;2;REGALIAS;192497954;0.019166
5031;1;5;2023;2;REGALIAS;124181390;0.012886
5031;1;6;2023;1;REGALIAS;113873;0.001112
5031;1;6;2023;1;REGALIAS;209250;0.001819
5031;1;6;2023;1;REGALIAS;129142;0.001167
5031;1;6;2023;2;REGALIAS;325218;0.000308
5031;1;6;2023;2;REGALIAS;174516;0.001547
5031;1;6;2023;2;REGALIAS;150411;0.001322
5034;1;5;2023;1;REGALIAS;5657509;0.00073
5034;1;5;2023;1;REGALIAS;37955826;0.005027
5034;1;5;2023;1;REGALIAS;313382745;0.041301
5034;1;5;2023;2;REGALIAS;235949077;0.030468
5034;1;5;2023;2;REGALIAS;208387806;0.026064
5034;1;5;2023;2;REGALIAS;306771066;0.003433
5034;1;6;2023;1;REGALIAS;4301;0.000046
5034;1;6;2023;1;REGALIAS;69003;0.00073
5034;1;6;2023;1;REGALIAS;218128;0.002346
5034;1;6;2023;2;REGALIAS;339962;0.003943
5034;1;6;2023;2;REGALIAS;152448;0.001647
5034;1;6;2023;2;REGALIAS;447549;0.004013
5036;1;7;2023;2;REGALIAS;88513450;4054
5036;1;10;2023;2;REGALIAS;7661537;5978
5040;1;5;2023;1;REGALIAS;1305418366;0.283556
5040;1;5;2023;1;REGALIAS;898930244;0.185687
5040;1;5;2023;1;REGALIAS;893955125;0.154877
5040;1;5;2023;2;REGALIAS;717588074;0.124597
5040;1;5;2023;2;REGALIAS;520772754;0.090779
5040;1;5;2023;2;REGALIAS;227339761;0.003454
5040;1;6;2023;1;REGALIAS;26587338;0.277844
5040;1;6;2023;1;REGALIAS;897202;0.015308
5040;1;6;2023;1;REGALIAS;798706;0.011671
5040;1;6;2023;2;REGALIAS;728095;0.010382
5040;1;6;2023;2;REGALIAS;641690;0.009863
5040;1;6;2023;2;REGALIAS;404274;0.004399
5040;1;11;2023;1;REGALIAS;3535050;0.000692
5042;1;2;2023;2;REGALIAS;20600506;174733.05
5042;1;2;2023;1;REGALIAS;3501224;29692.98
5042;1;2;2023;2;REGALIAS;3276698;24602.94
5042;1;4;2023;2;REGALIAS;2083287;2464.8
5042;1;5;2023;1;REGALIAS;20802893;0.002387
5042;1;5;2023;1;REGALIAS;43750846;0.000492
5042;1;5;2023;1;REGALIAS;66697251;0.007292
5042;1;5;2023;2;REGALIAS;37588092;0.004102
5042;1;5;2023;2;REGALIAS;73503066;0.007867
5042;1;5;2023;2;REGALIAS;66029186;0.007089
5042;1;6;2023;1;REGALIAS;63595;0.000592
5042;1;6;2023;1;REGALIAS;68040;0.000591
5042;1;6;2023;1;REGALIAS;123214;0.001073
5042;1;6;2023;2;REGALIAS;108840;0.000994
5042;1;6;2023;2;REGALIAS;190708;0.001767
5042;1;6;2023;2;REGALIAS;189457;0.001636
5044;1;5;2023;1;REGALIAS;810525;0.000088
5044;1;5;2023;2;REGALIAS;423727;0.000046
5044;1;5;2023;2;REGALIAS;1264694;0.000136
5044;1;6;2023;1;REGALIAS;1201;0.000011
5044;1;6;2023;2;REGALIAS;342;0.000003
5044;1;6;2023;2;REGALIAS;2356;0.000021
5045;1;1;2023;2;REGALIAS;2513376;28414
5055;1;5;2023;2;REGALIAS;1540008;0.000166
5055;1;6;2023;2;REGALIAS;2078;0.000018
5079;1;2;2023;2;REGALIAS;6816150;64379.1
5079;1;5;2023;1;REGALIAS;5460530;0.000624
5079;1;5;2023;1;REGALIAS;30869227;0.003584
5079;1;5;2023;1;REGALIAS;32666969;0.004048
5079;1;5;2023;2;REGALIAS;33033021;0.003902
5079;1;5;2023;2;REGALIAS;20136669;0.002164
5079;1;5;2023;2;REGALIAS;30262099;0.000344
5079;1;6;2023;1;REGALIAS;275102;0.002587
5079;1;6;2023;1;REGALIAS;325465;0.002951
5079;1;6;2023;1;REGALIAS;632373;0.005551
5079;1;6;2023;2;REGALIAS;391588;0.000362
5079;1;6;2023;2;REGALIAS;550558;0.005155
5079;1;6;2023;2;REGALIAS;385709;0.003356
5086;1;5;2023;1;REGALIAS;422610;0.000058
5086;1;5;2023;1;REGALIAS;650186;0.00009
5086;1;6;2023;1;REGALIAS;847;0.000009
5086;1;6;2023;1;REGALIAS;1077;0.000011
5088;1;2;2023;1;REGALIAS;5133382;29189.16
5088;1;2;2023;2;REGALIAS;6782691;34144.74
5088;1;4;2023;1;REGALIAS;19138966;216427.2
5088;1;4;2023;2;REGALIAS;13277146;105319.2
5088;1;5;2023;1;REGALIAS;1777097;0.000395
5088;1;5;2023;1;REGALIAS;569796;0.000124
5088;1;5;2023;2;REGALIAS;436452;0.000093
5088;1;5;2023;2;REGALIAS;827274;0.000178
5088;1;6;2023;1;REGALIAS;2090;0.000036
5088;1;6;2023;1;REGALIAS;578;0.000011
5088;1;6;2023;2;REGALIAS;351;0.000007
5088;1;6;2023;2;REGALIAS;783;0.000014
5107;1;2;2023;1;REGALIAS;174099;0
5107;1;4;2023;1;REGALIAS;260450;0
5107;1;4;2023;2;REGALIAS;213247;0
5107;1;5;2023;1;REGALIAS;33118599;0.003763
5107;1;6;2023;1;REGALIAS;107123;0.000961
5113;1;12;2023;1;REGALIAS;85665830;0.621
5113;1;12;2023;1;REGALIAS;17633472;12.057
5113;1;12;2023;2;REGALIAS;213397547;127.699
5113;1;2;2023;2;REGALIAS;619112;3116.88
5113;1;3;2023;2;REGALIAS;4809782;68464
5113;1;5;2023;1;REGALIAS;5486655948;0.629377
5113;1;5;2023;1;REGALIAS;3480471046;0.379892
5113;1;5;2023;1;REGALIAS;8528109387;0.942389
5113;1;5;2023;2;REGALIAS;3648186420;0.390337
5113;1;5;2023;2;REGALIAS;8430824457;0.909334
5113;1;5;2023;2;REGALIAS;6635928630;0.712362
5113;1;6;2023;1;REGALIAS;213950805;2058344
5113;1;6;2023;1;REGALIAS;31660630;0.28
5113;1;6;2023;1;REGALIAS;411408205;3617243
5113;1;6;2023;2;REGALIAS;31177158;0.29
5113;1;6;2023;2;REGALIAS;343584435;3125859
5113;1;6;2023;2;REGALIAS;241601564;2131233
5120;1;2;2023;1;REGALIAS;268410;1526.04
5120;1;13;2023;2;REGALIAS;740;0
5120;1;4;2023;1;REGALIAS;588830;5275.2
5120;1;5;2023;1;REGALIAS;86748424;0.008775
5120;1;5;2023;1;REGALIAS;180241610;0.018289
5120;1;5;2023;1;REGALIAS;321612159;0.035929
5120;1;5;2023;2;REGALIAS;71253824;0.006564
5120;1;5;2023;2;REGALIAS;388468022;0.040319
5120;1;5;2023;2;REGALIAS;370433550;0.038381
5120;1;6;2023;1;REGALIAS;167987;0.001472
5120;1;6;2023;1;REGALIAS;253102;0.000223
5120;1;6;2023;1;REGALIAS;526108;0.004842
5120;1;6;2023;2;REGALIAS;58494;0.000547
5120;1;6;2023;2;REGALIAS;516889;0.004634
5120;1;6;2023;2;REGALIAS;448160;0.003941
5129;1;2;2023;1;REGALIAS;425941;92438.82
5138;1;5;2023;1;REGALIAS;85738201;0.009748
5138;1;5;2023;1;REGALIAS;69818400;0.007841
5138;1;5;2023;1;REGALIAS;89583368;0.009773
5138;1;5;2023;2;REGALIAS;56575517;0.006165
5138;1;5;2023;2;REGALIAS;159720850;0.017128
5138;1;5;2023;2;REGALIAS;91664081;0.009842
5138;1;6;2023;1;REGALIAS;236861;0.002122
5138;1;6;2023;1;REGALIAS;34978;0.000304
5138;1;6;2023;1;REGALIAS;91337;0.000796
5138;1;6;2023;2;REGALIAS;142207;0.001299
5138;1;6;2023;2;REGALIAS;362017;0.000331
5138;1;6;2023;2;REGALIAS;223103;0.001926
5142;1;5;2023;1;REGALIAS;6628058;0.000748
5142;1;5;2023;1;REGALIAS;14329114;0.001593
5142;1;6;2023;1;REGALIAS;859;0.000007
5142;1;6;2023;1;REGALIAS;35918;0.000312
5154;1;2;2023;1;REGALIAS;1281303;7285.14
5154;1;4;2023;1;REGALIAS;2810883;25185.6
5154;1;5;2023;1;REGALIAS;7400793020;0.831386
5154;1;5;2023;1;REGALIAS;9023954290;0.988322
5154;1;5;2023;1;REGALIAS;8353419595;0.934976
5154;1;5;2023;2;REGALIAS;6436707508;0.681943
5154;1;5;2023;2;REGALIAS;8293589807;0.881649
5154;1;5;2023;2;REGALIAS;7940074965;0.844063
5154;1;6;2023;1;REGALIAS;8070832;0.071122
5154;1;6;2023;1;REGALIAS;9650253;0.085269
5154;1;6;2023;1;REGALIAS;9193098;0.087391
5154;1;6;2023;2;REGALIAS;6843981;0.063688
5154;1;6;2023;2;REGALIAS;9680924;0.085317
5154;1;6;2023;2;REGALIAS;7831938;0.069072
5154;1;11;2023;2;REGALIAS;2637;0
5172;1;2;2023;2;REGALIAS;1298499;6536.7
5172;1;4;2023;2;REGALIAS;2420484;19.2
5190;1;2;2023;1;REGALIAS;133241;1112.94
5190;1;2;2023;2;REGALIAS;100352;505.44
5190;1;4;2023;2;REGALIAS;165241;1310.4
5190;1;5;2023;1;REGALIAS;1774344;0.0002
5190;1;5;2023;1;REGALIAS;2227291;0.000264
5190;1;5;2023;1;REGALIAS;2762205;0.000368
5190;1;5;2023;2;REGALIAS;4754972;0.000632
5190;1;5;2023;2;REGALIAS;1056658;0.00014
5190;1;6;2023;1;REGALIAS;1027;0.000009
5190;1;6;2023;1;REGALIAS;1849;0.00002
5190;1;6;2023;1;REGALIAS;4872;0.000053
5190;1;6;2023;2;REGALIAS;9472;0.000101
5190;1;6;2023;2;REGALIAS;1835;0.00002
5197;1;4;2023;1;REGALIAS;7558192;67718.4
5234;1;14;2023;1;REGALIAS;101666;6
5234;1;2;2023;1;REGALIAS;1386599;0
5234;1;2;2023;2;REGALIAS;1049317;0
5234;1;4;2023;1;REGALIAS;558712;0
5234;1;4;2023;2;REGALIAS;657723;0
5234;1;5;2023;1;REGALIAS;351432619;0.040008
5234;1;5;2023;1;REGALIAS;260033946;0.028368
5234;1;5;2023;1;REGALIAS;268421499;0.029253
5234;1;5;2023;2;REGALIAS;239122698;0.025565
5234;1;5;2023;2;REGALIAS;290525860;0.031159
5234;1;5;2023;2;REGALIAS;292403441;0.031421
5234;1;6;2023;1;REGALIAS;356511;0.003199
5234;1;6;2023;1;REGALIAS;472240;0.004104
5234;1;6;2023;1;REGALIAS;546319;0.004928
5234;1;6;2023;2;REGALIAS;470430;0.004397
5234;1;6;2023;2;REGALIAS;596687;0.005234
5234;1;6;2023;2;REGALIAS;561646;0.004929
5234;1;11;2023;2;REGALIAS;1214;0
5237;1;2;2023;1;REGALIAS;341038;1939.14
5237;1;4;2023;1;REGALIAS;329479;295.2
5237;1;5;2023;1;REGALIAS;115648;0.000016
5237;1;5;2023;2;REGALIAS;229900;0.000033
5237;1;5;2023;2;REGALIAS;124608;0.000017
5237;1;5;2023;2;REGALIAS;331678;0.000047
5237;1;6;2023;1;REGALIAS;257;0.000003
5237;1;6;2023;2;REGALIAS;263;0.000003
5237;1;6;2023;2;REGALIAS;113;0.000001
5237;1;6;2023;2;REGALIAS;575;0.000006
5240;1;5;2023;2;REGALIAS;696171;0.000075
5240;1;5;2023;2;REGALIAS;805998;0.000087
5240;1;6;2023;2;REGALIAS;1692;0.000015
5240;1;6;2023;2;REGALIAS;1491;0.000013
5250;1;5;2023;1;REGALIAS;2252224949;0.356524
5250;1;5;2023;1;REGALIAS;3142177471;0.462744
5250;1;5;2023;1;REGALIAS;1866925607;0.261853
5250;1;5;2023;2;REGALIAS;2850256232;0.416657
5250;1;5;2023;2;REGALIAS;2738117526;0.426997
5250;1;5;2023;2;REGALIAS;2839989321;0.438966
5250;1;6;2023;1;REGALIAS;2955041;0.035339
5250;1;6;2023;1;REGALIAS;4003967;0.046243
5250;1;6;2023;1;REGALIAS;2456892;0.027887
5250;1;6;2023;2;REGALIAS;3270538;0.041457
5250;1;6;2023;2;REGALIAS;3317922;0.041694
5250;1;6;2023;2;REGALIAS;3609499;0.044686
5250;1;11;2023;2;REGALIAS;29315;0.000005
5266;1;3;2023;1;REGALIAS;486;0
5266;1;3;2023;2;REGALIAS;430;0
5266;1;4;2023;1;REGALIAS;71510;0
5266;1;4;2023;2;REGALIAS;77146;0
5282;1;2;2023;2;REGALIAS;801498;4035.42
5282;1;4;2023;1;REGALIAS;6160200;55192.8
5282;1;4;2023;2;REGALIAS;8361669;66326.4
5284;1;2;2023;1;REGALIAS;96925;0
5284;1;2;2023;2;REGALIAS;73400;0
5284;1;4;2023;1;REGALIAS;39055;0
5284;1;4;2023;2;REGALIAS;46008;0
5284;1;5;2023;1;REGALIAS;482630;0.000055
5284;1;5;2023;1;REGALIAS;998916;0.00011
5284;1;5;2023;1;REGALIAS;1783030;0.000194
5284;1;5;2023;2;REGALIAS;607554;0.000065
5284;1;6;2023;1;REGALIAS;579;0.000005
5284;1;6;2023;1;REGALIAS;2247;0.00002
5284;1;6;2023;1;REGALIAS;4539;0.000041
5284;1;6;2023;2;REGALIAS;1010;0.000009
5308;1;2;2023;1;REGALIAS;6156039;35003.34
5308;1;4;2023;1;REGALIAS;46537585;416940
5308;1;4;2023;2;REGALIAS;36349613;288326.4
5308;1;5;2023;1;REGALIAS;7105442;0.000534
5308;1;5;2023;2;REGALIAS;15067108;0.001078
5308;1;6;2023;1;REGALIAS;11795;0.000103
5308;1;6;2023;2;REGALIAS;23164;0.0002
5310;1;2;2023;2;REGALIAS;583308;2925.72
5310;1;4;2023;2;REGALIAS;17979;141.6
5310;1;5;2023;1;REGALIAS;24237858;0.002771
5310;1;5;2023;1;REGALIAS;11100875;0.001258
5310;1;5;2023;1;REGALIAS;18437842;0.002002
5310;1;5;2023;2;REGALIAS;6404290;0.000699
5310;1;5;2023;2;REGALIAS;6782986;0.000724
5310;1;5;2023;2;REGALIAS;38740878;0.004159
5310;1;6;2023;2;REGALIAS;1352;0.000012
5347;1;10;2023;1;REGALIAS;2715;1
5360;1;1;2023;1;REGALIAS;681476;2063
5360;1;1;2023;2;REGALIAS;835743;2979
5376;1;2;2023;1;REGALIAS;429304;2506.14
5376;1;3;2023;1;REGALIAS;203503;336
5376;1;4;2023;1;REGALIAS;928429;854.4
5390;1;2;2023;2;REGALIAS;378223;1746.36
5390;1;4;2023;2;REGALIAS;3785317;28696.8
5390;1;5;2023;2;REGALIAS;4335642;0.000462
5390;1;5;2023;2;REGALIAS;8016688;0.000859
5390;1;6;2023;2;REGALIAS;6518;0.000061
5390;1;6;2023;2;REGALIAS;10106;0.00009
5400;1;1;2023;1;REGALIAS;461;3
5400;1;2;2023;1;REGALIAS;11596;0
5400;1;3;2023;1;REGALIAS;5497;0
5400;1;4;2023;1;REGALIAS;25077;0
5425;1;5;2023;2;REGALIAS;3572603;0.000384
5467;1;15;2023;1;REGALIAS;520883;152
5480;1;2;2023;1;REGALIAS;1409709;8015.76
5480;1;2;2023;2;REGALIAS;2441467;12290.94
5480;1;4;2023;1;REGALIAS;11928501;106874.4
5480;1;4;2023;2;REGALIAS;20658861;16387.2
5480;1;5;2023;1;REGALIAS;352019;0.00004
5480;1;5;2023;1;REGALIAS;523823;0.000057
5480;1;6;2023;1;REGALIAS;239;0.000002
5480;1;6;2023;1;REGALIAS;682;0.000006
5495;1;5;2023;1;REGALIAS;3047231;0.000348
5495;1;5;2023;1;REGALIAS;14740834;0.001761
5495;1;5;2023;2;REGALIAS;90622712;0.000998
5495;1;5;2023;2;REGALIAS;62407568;0.006665
5495;1;6;2023;1;REGALIAS;1954;0.000018
5495;1;6;2023;1;REGALIAS;15132;0.000152
5495;1;6;2023;2;REGALIAS;148708;0.001313
5495;1;6;2023;2;REGALIAS;79280;0.000735
5579;1;5;2023;1;REGALIAS;247777493;0.028276
5579;1;5;2023;1;REGALIAS;239398392;0.026997
5579;1;5;2023;1;REGALIAS;138609075;0.015206
5579;1;5;2023;2;REGALIAS;253057541;0.027381
5579;1;5;2023;2;REGALIAS;319202401;0.034235
5579;1;5;2023;2;REGALIAS;283323840;0.030411
5579;1;6;2023;1;REGALIAS;7558390;0.070761
5579;1;6;2023;1;REGALIAS;10925615;0.095143
5579;1;6;2023;1;REGALIAS;133962;0.001185
5579;1;6;2023;2;REGALIAS;6220705;0.005701
5579;1;6;2023;2;REGALIAS;17354019;0.154173
5579;1;6;2023;2;REGALIAS;5292740;0.004593
5585;1;8;2023;1;REGALIAS;4828798;47599
5585;1;8;2023;2;REGALIAS;1693137;14776
5585;1;2;2023;2;REGALIAS;107;0
5585;1;3;2023;2;REGALIAS;335;0
5585;1;5;2023;1;REGALIAS;47333545;0.005347
5585;1;5;2023;1;REGALIAS;109913161;0.012076
5585;1;5;2023;1;REGALIAS;122539913;0.013355
5585;1;5;2023;2;REGALIAS;142932606;0.000153
5585;1;5;2023;2;REGALIAS;157478352;0.016895
5585;1;5;2023;2;REGALIAS;1904688;0.000205
5585;1;6;2023;1;REGALIAS;68981;0.000602
5585;1;6;2023;1;REGALIAS;127596;0.001109
5585;1;6;2023;1;REGALIAS;130787;0.001181
5585;1;6;2023;2;REGALIAS;90036;0.000837
5591;1;8;2023;1;REGALIAS;6789646;66928
5591;1;8;2023;2;REGALIAS;5757992;50251
5591;1;1;2023;1;REGALIAS;22975165;81886
5591;1;1;2023;2;REGALIAS;21881310;77988
5591;1;2;2023;2;REGALIAS;49559;469.05
5591;1;9;2023;1;REGALIAS;17430100;15214
5604;1;16;2023;1;REGALIAS;87332581;5858479
5604;1;16;2023;2;REGALIAS;44818860;1249478
5604;1;17;2023;1;REGALIAS;54975453;3687885
5604;1;17;2023;2;REGALIAS;33169428;2225085
5604;1;5;2023;1;REGALIAS;1858572384;0.290187
5604;1;5;2023;1;REGALIAS;1546261314;0.264671
5604;1;5;2023;1;REGALIAS;1917307641;0.022388
5604;1;5;2023;2;REGALIAS;2950066598;0.331602
5604;1;5;2023;2;REGALIAS;3324158001;0.374168
5604;1;5;2023;2;REGALIAS;1575578262;0.018415
5604;1;6;2023;1;REGALIAS;8705773;0.231877
5604;1;6;2023;1;REGALIAS;8246351;0.228128
5604;1;6;2023;1;REGALIAS;10495259;0.216183
5604;1;6;2023;2;REGALIAS;17852012;0.016825
5604;1;6;2023;2;REGALIAS;16119054;0.290964
5604;1;6;2023;2;REGALIAS;8725939;0.093387
5607;1;3;2023;1;REGALIAS;41614;676
5607;1;3;2023;2;REGALIAS;36804;530
5607;1;4;2023;1;REGALIAS;6119790;55471.2
5607;1;4;2023;2;REGALIAS;6602180;52982.4
5615;1;2;2023;1;REGALIAS;4810589;27352.08
5615;1;2;2023;2;REGALIAS;8597123;43278.3
5615;1;4;2023;1;REGALIAS;107200;960
5642;1;2;2023;1;REGALIAS;119942;0
5642;1;2;2023;2;REGALIAS;78730;0
5642;1;4;2023;1;REGALIAS;94921;0
5642;1;4;2023;2;REGALIAS;60604;0
5649;1;8;2023;1;REGALIAS;89385;850
5649;1;8;2023;2;REGALIAS;13915575;121443
5660;1;8;2023;1;REGALIAS;7264180;71606
5660;1;9;2023;2;REGALIAS;23586387;18227
5667;1;5;2023;1;REGALIAS;12781912;0.000164
5667;1;5;2023;1;REGALIAS;8369202;0.001028
5667;1;6;2023;1;REGALIAS;28528;0.00032
5667;1;6;2023;1;REGALIAS;20453;0.000214
5670;1;5;2023;1;REGALIAS;37202375;0.004254
5670;1;5;2023;1;REGALIAS;31211012;0.003509
5670;1;5;2023;1;REGALIAS;45153394;0.004902
5670;1;5;2023;2;REGALIAS;26854454;0.002885
5670;1;5;2023;2;REGALIAS;20391444;0.002179
5670;1;5;2023;2;REGALIAS;32067631;0.003446
5670;1;6;2023;1;REGALIAS;693426;0.006521
5670;1;6;2023;1;REGALIAS;456605;0.003968
5670;1;6;2023;1;REGALIAS;823632;0.007158
5670;1;6;2023;2;REGALIAS;197455;0.001805
5670;1;6;2023;2;REGALIAS;187112;0.001752
5670;1;6;2023;2;REGALIAS;98144;0.000847
5679;1;14;2023;1;REGALIAS;2492752;18484
5686;1;5;2023;1;REGALIAS;19745005;0.002253
5686;1;5;2023;1;REGALIAS;5270639;0.000595
5686;1;5;2023;1;REGALIAS;14344804;0.001561
5686;1;5;2023;2;REGALIAS;20150814;0.002204
5686;1;5;2023;2;REGALIAS;16657092;0.001777
5686;1;5;2023;2;REGALIAS;12777168;0.001372
5686;1;6;2023;1;REGALIAS;865260;0.008085
5686;1;6;2023;1;REGALIAS;43268;0.000376
5686;1;6;2023;1;REGALIAS;64682;0.000562
5686;1;6;2023;2;REGALIAS;414269;0.003661
5686;1;6;2023;2;REGALIAS;215190;0.002017
5686;1;6;2023;2;REGALIAS;453126;0.003911
5690;1;2;2023;1;REGALIAS;276236;1448.28
5690;1;2;2023;2;REGALIAS;339063;1707.48
5690;1;4;2023;2;REGALIAS;558310;4428
5690;1;5;2023;1;REGALIAS;739411253;0.083535
5690;1;5;2023;1;REGALIAS;850135117;0.092631
5690;1;5;2023;1;REGALIAS;421903878;0.046645
5690;1;5;2023;2;REGALIAS;613290681;0.066363
5690;1;5;2023;2;REGALIAS;942920845;0.101406
5690;1;5;2023;2;REGALIAS;748444369;0.080481
5690;1;6;2023;1;REGALIAS;15837948;0.139487
5690;1;6;2023;1;REGALIAS;30321671;0.263533
5690;1;6;2023;1;REGALIAS;5904944;0.053168
5690;1;6;2023;2;REGALIAS;11814417;0.108073
5690;1;6;2023;2;REGALIAS;12734253;0.111663
5690;1;6;2023;2;REGALIAS;11151766;0.098521
5736;1;5;2023;1;REGALIAS;901421750;0.334932
5736;1;5;2023;1;REGALIAS;1257373572;0.420177
5736;1;5;2023;1;REGALIAS;1157187149;0.475014
5736;1;5;2023;2;REGALIAS;922617302;0.448239
5736;1;5;2023;2;REGALIAS;878469844;0.464538
5736;1;5;2023;2;REGALIAS;657246728;0.472664
5736;1;6;2023;1;REGALIAS;6166976;0.507124
5736;1;6;2023;1;REGALIAS;4305420;0.327347
5736;1;6;2023;1;REGALIAS;11486186;0.996789
5736;1;6;2023;2;REGALIAS;4808489;0.425405
5736;1;6;2023;2;REGALIAS;10354219;0.872788
5736;1;6;2023;2;REGALIAS;8736272;0.764915
5756;1;8;2023;1;REGALIAS;56140877;553204
5756;1;8;2023;2;REGALIAS;35921015;313486
5761;1;7;2023;2;REGALIAS;71422351;3271
5761;1;2;2023;1;REGALIAS;5166996;19593.9
5761;1;2;2023;2;REGALIAS;3852083;11283.3
5761;1;4;2023;1;REGALIAS;9419873;84398.4
5761;1;4;2023;2;REGALIAS;17284353;128980.8
5790;1;13;2023;2;REGALIAS;278829;0
5790;1;5;2023;1;REGALIAS;249326927;0.020785
5790;1;5;2023;1;REGALIAS;296110920;0.023108
5790;1;5;2023;1;REGALIAS;127386447;0.009562
5790;1;5;2023;2;REGALIAS;269863622;0.020863
5790;1;5;2023;2;REGALIAS;137510923;0.000984
5790;1;5;2023;2;REGALIAS;71460233;0.000605
5790;1;6;2023;1;REGALIAS;253229;0.002246
5790;1;6;2023;1;REGALIAS;228593;0.001987
5790;1;6;2023;1;REGALIAS;109990;0.000983
5790;1;6;2023;2;REGALIAS;106948;0.000994
5790;1;6;2023;2;REGALIAS;43943;0.000382
5790;1;6;2023;2;REGALIAS;44730;0.000395
5792;1;2;2023;1;REGALIAS;3752492;24531.66
5792;1;2;2023;2;REGALIAS;2463132;14254.38
5792;1;4;2023;1;REGALIAS;2969705;30592.8
5792;1;4;2023;2;REGALIAS;1896055;17284.8
5809;1;7;2023;1;REGALIAS;689952765;10401
5809;1;7;2023;2;REGALIAS;1011656044;22895
5809;1;2;2023;1;REGALIAS;3589696;36015.84
5809;1;2;2023;2;REGALIAS;4904789;19883.88
5809;1;4;2023;1;REGALIAS;5323705;80032.8
5809;1;4;2023;2;REGALIAS;7963808;47551.2
5819;1;10;2023;1;REGALIAS;19457;45
5819;1;10;2023;2;REGALIAS;24417;19
5819;1;2;2023;1;REGALIAS;711001;5031.72
5819;1;4;2023;1;REGALIAS;1063650;11863.2
5819;1;4;2023;2;REGALIAS;870876;8599.2
5842;1;2;2023;1;REGALIAS;5781976;41311.62
5842;1;2;2023;2;REGALIAS;4375406;27677.7
5842;1;4;2023;1;REGALIAS;2329773;26229.6
5842;1;4;2023;2;REGALIAS;2742554;2733.6
5854;1;2;2023;1;REGALIAS;525375;2987.28
5854;1;2;2023;2;REGALIAS;728576;3667.68
5854;1;3;2023;1;REGALIAS;97029;1560
5854;1;4;2023;1;REGALIAS;1002500;8983.2
5854;1;4;2023;2;REGALIAS;1394804;1106.4
5856;1;1;2023;1;REGALIAS;3386938;1246
5856;1;1;2023;2;REGALIAS;5216319;18592
5858;1;5;2023;1;REGALIAS;1787197318;0.203321
5858;1;5;2023;1;REGALIAS;2877698531;0.316933
5858;1;5;2023;1;REGALIAS;2276896524;0.248205
5858;1;5;2023;2;REGALIAS;2362823271;0.254809
5858;1;5;2023;2;REGALIAS;3503950144;0.375625
5858;1;5;2023;2;REGALIAS;3800582835;0.408361
5858;1;6;2023;1;REGALIAS;1584624;0.014048
5858;1;6;2023;1;REGALIAS;2301553;0.020057
5858;1;6;2023;1;REGALIAS;2112569;0.019005
5858;1;6;2023;2;REGALIAS;1532455;0.014169
5858;1;6;2023;2;REGALIAS;2306279;0.020737
5858;1;6;2023;2;REGALIAS;2475766;0.021688
5861;1;7;2023;1;REGALIAS;20583932;310
5861;1;7;2023;2;REGALIAS;16173338;280
5861;1;1;2023;1;REGALIAS;1351288;4816
5861;1;2;2023;1;REGALIAS;5804819;14882.94
5861;1;2;2023;2;REGALIAS;6476981;35952.66
5861;1;4;2023;1;REGALIAS;8564704;41263.2
5861;1;4;2023;2;REGALIAS;10676115;98527.2
5885;1;4;2023;1;REGALIAS;1875100;16.8
5885;1;5;2023;1;REGALIAS;31660986;0.002928
5885;1;5;2023;1;REGALIAS;34995500;0.003546
5885;1;5;2023;1;REGALIAS;21216169;0.001781
5885;1;5;2023;2;REGALIAS;12570634;0.001025
5885;1;5;2023;2;REGALIAS;19519117;0.001419
5885;1;5;2023;2;REGALIAS;35974700;0.002579
5885;1;6;2023;1;REGALIAS;19697;0.000171
5885;1;6;2023;1;REGALIAS;32076;0.000298
5885;1;6;2023;1;REGALIAS;7511;0.000067
5885;1;6;2023;2;REGALIAS;4842;0.000045
5885;1;6;2023;2;REGALIAS;5633;0.000049
5885;1;6;2023;2;REGALIAS;8942;0.000079
5887;1;15;2023;1;REGALIAS;1206915;351
5887;1;15;2023;2;REGALIAS;1162617;300
5890;1;2;2023;1;REGALIAS;153523;635.04
5890;1;2;2023;2;REGALIAS;730465;3666.06
5890;1;4;2023;2;REGALIAS;214333;1699.2
5890;1;5;2023;1;REGALIAS;65555363;0.007432
5890;1;5;2023;1;REGALIAS;87263551;0.009646
5890;1;5;2023;1;REGALIAS;53673452;0.005851
5890;1;5;2023;2;REGALIAS;45379498;0.004928
5890;1;5;2023;2;REGALIAS;72215804;0.007762
5890;1;5;2023;2;REGALIAS;14792614;0.001589
5890;1;6;2023;1;REGALIAS;35538;0.000311
5890;1;6;2023;1;REGALIAS;56494;0.000491
5890;1;6;2023;1;REGALIAS;27112;0.000243
5890;1;6;2023;2;REGALIAS;29243;0.000268
5890;1;6;2023;2;REGALIAS;40191;0.000359
5890;1;6;2023;2;REGALIAS;10573;0.000091
5895;1;4;2023;2;REGALIAS;2818654;22358.4
5895;1;5;2023;1;REGALIAS;779918307;0.089963
5895;1;5;2023;1;REGALIAS;553779158;0.061373
5895;1;5;2023;1;REGALIAS;569025649;0.062299
5895;1;5;2023;2;REGALIAS;701665162;0.075769
5895;1;5;2023;2;REGALIAS;1035617731;0.111851
5895;1;5;2023;2;REGALIAS;726958380;0.089413
5895;1;6;2023;1;REGALIAS;1009653;0.009192
5895;1;6;2023;1;REGALIAS;19498551;0.217391
5895;1;6;2023;1;REGALIAS;672920;0.006129
5895;1;6;2023;2;REGALIAS;7879032;0.096866
5895;1;6;2023;2;REGALIAS;1615093;0.014376
5895;1;6;2023;2;REGALIAS;37787869;0.337495
8001;1;1;2023;1;REGALIAS;2183245;9072
8372;1;3;2023;1;REGALIAS;179960;2894
8421;1;8;2023;1;REGALIAS;136054;135
8421;1;8;2023;2;REGALIAS;211755;1848
8421;1;2;2023;1;REGALIAS;2313880;13206.24
8421;1;3;2023;2;REGALIAS;1000754;14246
8421;1;4;2023;1;REGALIAS;2175479;19564.8
8436;1;3;2023;1;REGALIAS;931556;152
8573;1;8;2023;1;REGALIAS;1677528;16536
8573;1;8;2023;2;REGALIAS;1896840;16554
8573;1;2;2023;1;REGALIAS;527369;2998.62
8606;1;2;2023;1;REGALIAS;14057368;79929.18
8606;1;2;2023;2;REGALIAS;8293293;41749.02
8606;1;3;2023;1;REGALIAS;663850;1044
8606;1;4;2023;1;REGALIAS;15793877;14150.4
8606;1;4;2023;2;REGALIAS;12067033;95719.2
8638;1;3;2023;2;REGALIAS;5886777;83794
8832;1;1;2023;1;REGALIAS;2077115;8631
8832;1;3;2023;1;REGALIAS;697040;11206
11001;1;1;2023;1;REGALIAS;20646219;85791
11001;1;1;2023;1;REGALIAS;14952887;53294
11001;1;2;2023;1;REGALIAS;310742;767.88
13001;1;1;2023;2;REGALIAS;1656505;5904
13001;1;2;2023;1;REGALIAS;38089085;216500.04
13001;1;2;2023;2;REGALIAS;7273516;36657.36
13001;1;4;2023;1;REGALIAS;20565716;184260
13001;1;4;2023;2;REGALIAS;4271775;33924
13006;1;5;2023;1;REGALIAS;194803811;0.022188
13006;1;5;2023;1;REGALIAS;397896055;0.043208
13006;1;5;2023;1;REGALIAS;405381381;0.044158
13006;1;5;2023;2;REGALIAS;421546925;0.045418
13006;1;5;2023;2;REGALIAS;581280299;0.062311
13006;1;5;2023;2;REGALIAS;379180484;0.004076
13006;1;6;2023;1;REGALIAS;245810;0.002256
13006;1;6;2023;1;REGALIAS;509442;0.004428
13006;1;6;2023;1;REGALIAS;521657;0.000469
13006;1;6;2023;2;REGALIAS;488841;0.004533
13006;1;6;2023;2;REGALIAS;671319;0.005911
13006;1;6;2023;2;REGALIAS;421503;0.003725
13042;1;5;2023;1;REGALIAS;97227343;0.011102
13042;1;5;2023;1;REGALIAS;121325101;0.013172
13042;1;5;2023;1;REGALIAS;90891019;0.009899
13042;1;5;2023;2;REGALIAS;267425827;0.028588
13042;1;5;2023;2;REGALIAS;162150924;0.017406
13042;1;5;2023;2;REGALIAS;90062363;0.009677
13042;1;6;2023;1;REGALIAS;36;0
13042;1;6;2023;1;REGALIAS;223;0.000002
13042;1;6;2023;1;REGALIAS;72803;0.000643
13042;1;6;2023;2;REGALIAS;213389;0.001996
13042;1;6;2023;2;REGALIAS;7861;0.000073
13042;1;6;2023;2;REGALIAS;16907170;0.150087
13062;1;2;2023;2;REGALIAS;86160;283.55
13074;1;5;2023;1;REGALIAS;15911430;0.001802
13074;1;5;2023;1;REGALIAS;14480037;0.001584
13074;1;5;2023;1;REGALIAS;37397195;0.004081
13074;1;5;2023;2;REGALIAS;64847209;0.006965
13074;1;5;2023;2;REGALIAS;199946661;0.021398
13074;1;5;2023;2;REGALIAS;70844327;0.007613
13074;1;6;2023;1;REGALIAS;23737;0.000207
13074;1;6;2023;1;REGALIAS;26772;0.000233
13074;1;6;2023;1;REGALIAS;77213;0.000704
13074;1;6;2023;2;REGALIAS;109661;0.001021
13074;1;6;2023;2;REGALIAS;372354;0.003338
13074;1;6;2023;2;REGALIAS;65849;0.000571
13212;1;5;2023;1;REGALIAS;476206214;0.054061
13212;1;5;2023;1;REGALIAS;191301144;0.021373
13212;1;5;2023;1;REGALIAS;309373750;0.033725
13212;1;5;2023;2;REGALIAS;234428309;0.025432
13212;1;5;2023;2;REGALIAS;487199971;0.052217
13212;1;5;2023;2;REGALIAS;449859848;0.048317
13212;1;6;2023;1;REGALIAS;487419;0.004368
13212;1;6;2023;1;REGALIAS;203713;0.000177
13212;1;6;2023;1;REGALIAS;314981;0.002844
13212;1;6;2023;2;REGALIAS;245716;0.002263
13212;1;6;2023;2;REGALIAS;442283;0.003944
13212;1;6;2023;2;REGALIAS;587391;0.005162
13222;1;2;2023;2;REGALIAS;8374;0
13222;1;4;2023;2;REGALIAS;4918;0
13300;1;5;2023;1;REGALIAS;14737867;0.001664
13300;1;5;2023;1;REGALIAS;36753385;0.003994
13300;1;5;2023;1;REGALIAS;34690393;0.003785
13300;1;5;2023;2;REGALIAS;18680756;0.001994
13300;1;5;2023;2;REGALIAS;22648508;0.002429
13300;1;5;2023;2;REGALIAS;16476859;0.001771
13300;1;6;2023;1;REGALIAS;620;0.000005
13300;1;6;2023;1;REGALIAS;7419;0.000064
13300;1;6;2023;1;REGALIAS;65510;0.000597
13300;1;6;2023;2;REGALIAS;33813;0.000316
13300;1;6;2023;2;REGALIAS;64917;0.000569
13300;1;6;2023;2;REGALIAS;15294;0.000135
13430;1;5;2023;1;REGALIAS;624020;0.000071
13430;1;5;2023;1;REGALIAS;104325;0.000015
13430;1;5;2023;1;REGALIAS;922343;0.000126
13430;1;5;2023;2;REGALIAS;37082245;0.004872
13430;1;5;2023;2;REGALIAS;224406;0.00003
13430;1;5;2023;2;REGALIAS;522856;0.000071
13430;1;6;2023;1;REGALIAS;828;0.000008
13430;1;6;2023;1;REGALIAS;232;0.000002
13430;1;6;2023;1;REGALIAS;1701;0.000017
13430;1;6;2023;2;REGALIAS;46864;0.000508
13430;1;6;2023;2;REGALIAS;207;0.000002
13430;1;6;2023;2;REGALIAS;945;0.00001
13440;1;5;2023;1;REGALIAS;106604;0.000015
13440;1;5;2023;1;REGALIAS;316678;0.000044
13440;1;5;2023;2;REGALIAS;3985509;0.000533
13440;1;5;2023;2;REGALIAS;5088037;0.000677
13440;1;5;2023;2;REGALIAS;2230784;0.0003
13440;1;6;2023;1;REGALIAS;237;0.000002
13440;1;6;2023;1;REGALIAS;662;0.000007
13440;1;6;2023;2;REGALIAS;3040;0.000031
13440;1;6;2023;2;REGALIAS;4601;0.000049
13440;1;6;2023;2;REGALIAS;3783;0.00004
13458;1;5;2023;1;REGALIAS;337150905;0.038243
13458;1;5;2023;1;REGALIAS;549172528;0.060221
13458;1;5;2023;1;REGALIAS;1116996740;0.121878
13458;1;5;2023;2;REGALIAS;643975253;0.069339
13458;1;5;2023;2;REGALIAS;849310244;0.091153
13458;1;5;2023;2;REGALIAS;993741546;0.106825
13458;1;6;2023;1;REGALIAS;238753;0.002081
13458;1;6;2023;1;REGALIAS;7622;0.000066
13458;1;6;2023;1;REGALIAS;8245;0.000075
13458;1;6;2023;2;REGALIAS;6678928;0.066448
13458;1;6;2023;2;REGALIAS;1977783;0.001707
13458;1;6;2023;2;REGALIAS;12608;0.000112
13473;1;5;2023;1;REGALIAS;7084964;0.000799
13473;1;5;2023;1;REGALIAS;11992265;0.001302
13473;1;5;2023;1;REGALIAS;6391417;0.000694
13473;1;5;2023;2;REGALIAS;6591174;0.000703
13473;1;5;2023;2;REGALIAS;13606578;0.000146
13473;1;5;2023;2;REGALIAS;11880888;0.001277
13473;1;6;2023;1;REGALIAS;55;0
13473;1;6;2023;1;REGALIAS;90;0.000001
13473;1;6;2023;1;REGALIAS;56;0
13473;1;6;2023;2;REGALIAS;48;0
13473;1;6;2023;2;REGALIAS;258;0.000002
13473;1;6;2023;2;REGALIAS;95;0.000001
13490;1;5;2023;1;REGALIAS;267216334;0.030299
13490;1;5;2023;1;REGALIAS;360476221;0.039492
13490;1;5;2023;1;REGALIAS;574821212;0.062854
13490;1;5;2023;2;REGALIAS;369204064;0.039532
13490;1;5;2023;2;REGALIAS;908916360;0.097777
13490;1;5;2023;2;REGALIAS;223855528;0.024049
13490;1;6;2023;1;REGALIAS;64295237;0.558919
13490;1;6;2023;1;REGALIAS;31371305;0.272642
13490;1;6;2023;1;REGALIAS;1033641;0.009425
13490;1;6;2023;2;REGALIAS;72105375;0.671755
13490;1;6;2023;2;REGALIAS;36593713;0.315849
13490;1;6;2023;2;REGALIAS;6819752;0.060534
13600;1;5;2023;1;REGALIAS;132976050;0.000015
13600;1;5;2023;2;REGALIAS;74516557;0.000008
13600;1;6;2023;2;REGALIAS;34759920;0.0003
13600;1;6;2023;2;REGALIAS;11264760;0.0001
13655;1;5;2023;1;REGALIAS;3137557;0.000359
13655;1;5;2023;1;REGALIAS;84134562;0.009181
13655;1;5;2023;2;REGALIAS;87215546;0.009426
13655;1;5;2023;2;REGALIAS;217277337;0.023242
13655;1;5;2023;2;REGALIAS;104112513;0.011183
13655;1;6;2023;1;REGALIAS;3962;0.000037
13655;1;6;2023;1;REGALIAS;78296;0.000715
13655;1;6;2023;2;REGALIAS;90894;0.000838
13655;1;6;2023;2;REGALIAS;230114;0.000208
13655;1;6;2023;2;REGALIAS;127314;0.001113
13657;1;8;2023;1;REGALIAS;820576;8
13667;1;5;2023;1;REGALIAS;387414986;0.044498
13667;1;5;2023;1;REGALIAS;242427006;0.027356
13667;1;5;2023;1;REGALIAS;265803209;0.029583
13667;1;5;2023;2;REGALIAS;473751924;0.051777
13667;1;5;2023;2;REGALIAS;369394513;0.040168
13667;1;5;2023;2;REGALIAS;367413359;0.039436
13667;1;6;2023;1;REGALIAS;46196615;0.401627
13667;1;6;2023;1;REGALIAS;54077893;0.476153
13667;1;6;2023;1;REGALIAS;11689709;0.106377
13667;1;6;2023;2;REGALIAS;11199938;0.104622
13667;1;6;2023;2;REGALIAS;30531862;0.265799
13667;1;6;2023;2;REGALIAS;17584743;0.156067
13673;1;2;2023;1;REGALIAS;8710;0
13673;1;4;2023;1;REGALIAS;8189;0
13688;1;5;2023;1;REGALIAS;376448;0.000041
13688;1;5;2023;2;REGALIAS;464780;0.000051
13744;1;5;2023;1;REGALIAS;5662563;0.000639
13744;1;5;2023;1;REGALIAS;12221063;0.001327
13744;1;5;2023;2;REGALIAS;11641497;0.000127
13744;1;5;2023;2;REGALIAS;8531327;0.00091
13744;1;5;2023;2;REGALIAS;12781266;0.001372
13836;1;8;2023;1;REGALIAS;108040446;1064994
13836;1;8;2023;2;REGALIAS;105086787;91702
13836;1;1;2023;1;REGALIAS;1189354;4788
13836;1;3;2023;2;REGALIAS;1756250;250
15001;1;7;2023;1;REGALIAS;69448647;1395
15001;1;7;2023;2;REGALIAS;152269097;5678
15001;1;2;2023;1;REGALIAS;2978009;16890.12
15092;1;7;2023;1;REGALIAS;149598953;6667
15092;1;7;2023;2;REGALIAS;105293048;43
15092;1;8;2023;1;COMPENSACIÓN;612000;0
15092;1;8;2023;2;COMPENSACIÓN;690000;0
15097;1;7;2023;1;REGALIAS;923946928;2037
15097;1;7;2023;2;REGALIAS;165957031;4672
15104;1;7;2023;2;REGALIAS;20025920;917
15114;1;8;2023;1;REGALIAS;8915146;8788
15180;1;7;2023;1;REGALIAS;1043567074;22518
15180;1;7;2023;2;REGALIAS;309891656;9276
15183;1;7;2023;1;REGALIAS;58045104;1482
15183;1;7;2023;2;REGALIAS;17888728;535
15187;1;7;2023;1;REGALIAS;456956852;10321
15187;1;7;2023;2;REGALIAS;280052616;8614
15187;1;1;2023;1;REGALIAS;244429;984
15187;1;1;2023;2;REGALIAS;65935;235
15215;1;7;2023;1;REGALIAS;416957700;14554
15215;1;7;2023;2;REGALIAS;357079240;13766
15215;1;8;2023;1;REGALIAS;82079;809
15215;1;8;2023;2;REGALIAS;9918866;86563
15224;1;3;2023;2;REGALIAS;2200100;31316
15224;1;4;2023;2;REGALIAS;908600;7207.2
15232;1;4;2023;1;REGALIAS;7220;0
15238;1;8;2023;1;REGALIAS;1555319;15331
15238;1;3;2023;1;REGALIAS;290000;4654
15238;1;3;2023;2;REGALIAS;2707408;38538
15272;1;8;2023;1;REGALIAS;19346315;190097
15272;1;8;2023;1;COMPENSACIÓN;13231676;0
15272;1;8;2023;2;REGALIAS;15111281;131841
15272;1;8;2023;2;COMPENSACIÓN;13381984;0
15296;1;7;2023;1;REGALIAS;339816449;9763
15296;1;7;2023;2;REGALIAS;164702495;625
15322;1;2;2023;1;REGALIAS;943006;7231.68
15322;1;4;2023;1;REGALIAS;1329903;16070.4
15325;1;18;2023;2;REGALIAS;3326107;1244
15325;1;2;2023;1;REGALIAS;328834;0
15325;1;4;2023;1;REGALIAS;463748;0
15362;1;7;2023;1;REGALIAS;46673357;2497
15362;1;7;2023;2;REGALIAS;16330900;748
15362;1;19;2023;1;REGALIAS;31001301;60976
15362;1;19;2023;2;REGALIAS;32155627;55995
15368;2;7;2023;1;REGALIAS;8590371;219
15368;2;7;2023;2;REGALIAS;26857698;804
15368;1;7;2023;1;REGALIAS;1448380204;30435
15368;1;7;2023;2;REGALIAS;655535631;16075
15403;1;7;2023;1;REGALIAS;711987896;15526
15403;1;7;2023;2;REGALIAS;614835160;16947
15407;1;8;2023;1;REGALIAS;458845;4523
15442;1;20;2023;1;REGALIAS;104237838;0
15442;1;20;2023;1;REGALIAS;278198868;0
15442;1;20;2023;2;REGALIAS;54612488;0
15442;1;20;2023;2;REGALIAS;19820105;0
15442;1;20;2023;1;REGALIAS;66486;0.0009816
15442;1;20;2023;1;REGALIAS;119999;0.0000426
15442;1;20;2023;2;REGALIAS;178290;0.0000018
15442;1;20;2023;1;REGALIAS;5684438;0.0011064
15442;1;20;2023;1;REGALIAS;1168646;0.0018278
15442;1;20;2023;1;REGALIAS;336327;0.0004946
15442;1;20;2023;2;REGALIAS;617074;0.001189
15442;1;20;2023;2;REGALIAS;34053;0.0004734
15442;1;20;2023;1;REGALIAS;176805197;0.0021602
15442;1;20;2023;1;REGALIAS;871870594;0.0036274
15442;1;20;2023;1;REGALIAS;501872969;0.0013318
15442;1;20;2023;2;REGALIAS;629252859;0.0021986
15442;1;20;2023;2;REGALIAS;560107909;0.001179
15442;1;20;2023;2;REGALIAS;830752999;0.0022196
15464;1;7;2023;1;REGALIAS;314083106;6654
15464;1;7;2023;2;REGALIAS;762166305;2379
15466;1;7;2023;1;REGALIAS;53099344;284
15466;1;7;2023;2;REGALIAS;95651783;4381
15469;1;8;2023;1;REGALIAS;645175;6348
15469;1;8;2023;2;REGALIAS;364000;3167
15476;1;7;2023;1;REGALIAS;249585622;13352
15476;1;7;2023;2;REGALIAS;62442591;286
15480;1;20;2023;2;REGALIAS;4317912;0
15480;1;20;2023;2;REGALIAS;99852;0
15491;1;8;2023;1;REGALIAS;54814180;540323
15491;1;8;2023;1;COMPENSACIÓN;456512;0
15491;1;8;2023;2;REGALIAS;16784971;146449
15491;1;8;2023;2;COMPENSACIÓN;575000;0
15500;1;1;2023;1;REGALIAS;511900;1974
15500;1;1;2023;2;REGALIAS;370500;132
15516;1;7;2023;1;REGALIAS;341890449;18288
15516;1;7;2023;2;REGALIAS;608061579;24454
15516;1;19;2023;1;REGALIAS;14834895;28782
15516;1;19;2023;2;REGALIAS;20962319;37682
15516;1;2;2023;1;REGALIAS;39262;197.64
15516;1;3;2023;1;REGALIAS;316000;5074
15516;1;4;2023;1;REGALIAS;104000;926.4
15531;1;4;2023;1;REGALIAS;4831286;43286.4
15531;1;20;2023;2;REGALIAS;14058529;0.0000204
15537;1;7;2023;1;REGALIAS;31817244;1564
15537;1;7;2023;2;REGALIAS;31820536;1457
15537;3;18;2023;1;REGALIAS;238221519;8241
15537;3;18;2023;1;COMPENSACIÓN;490736329;0
15537;2;18;2023;2;REGALIAS;228965677;85663
15537;2;18;2023;2;COMPENSACIÓN;471669294;0
15542;1;8;2023;1;REGALIAS;40579;400
15542;1;8;2023;2;REGALIAS;45835;400
15542;1;1;2023;1;REGALIAS;224459;800
15572;1;2;2023;1;REGALIAS;1328100;7550.82
15572;1;2;2023;2;REGALIAS;305613;1539
15572;1;3;2023;1;REGALIAS;1060000;17028
15572;1;3;2023;2;REGALIAS;2535665;4572
15572;1;4;2023;1;REGALIAS;1560800;13984.8
15580;1;20;2023;1;REGALIAS;2219959;0
15580;1;20;2023;2;REGALIAS;22364;0
15580;1;20;2023;2;REGALIAS;10484;0
15580;1;20;2023;1;REGALIAS;3755219;0.0000222
15580;1;20;2023;1;REGALIAS;34452;0
15580;1;20;2023;2;REGALIAS;276180;0.000006
15580;1;20;2023;2;REGALIAS;271298;0.0000038
15580;1;20;2023;2;REGALIAS;15580;0.0000014
15600;1;7;2023;1;REGALIAS;2579075618;61155
15600;1;7;2023;2;REGALIAS;677758164;16757
15621;1;8;2023;1;REGALIAS;9739;76
15632;1;7;2023;1;REGALIAS;350940484;861
15632;1;7;2023;2;REGALIAS;283936304;6975
15638;1;1;2023;1;REGALIAS;95200;339
15646;1;7;2023;1;REGALIAS;5175931844;13675
15646;1;7;2023;2;REGALIAS;540707903;16181
15646;1;3;2023;1;REGALIAS;177700;2856
15646;1;3;2023;2;REGALIAS;312000;444
15646;1;4;2023;1;REGALIAS;7038320;63060
15646;1;4;2023;2;REGALIAS;1069500;8481.6
15673;1;7;2023;1;REGALIAS;614372636;14365
15673;1;7;2023;2;REGALIAS;68555861;2052
15681;1;20;2023;1;REGALIAS;22443074;0
15681;1;20;2023;1;REGALIAS;23265159;0
15681;1;20;2023;2;REGALIAS;229229;0
15681;1;20;2023;2;REGALIAS;1094477;0
15681;1;20;2023;1;REGALIAS;1638;0.0000036
15681;1;20;2023;2;REGALIAS;819461;0.0000786
15681;1;20;2023;1;REGALIAS;38057684;0.0000744
15681;1;20;2023;1;REGALIAS;73040309;0.0001638
15681;1;20;2023;1;REGALIAS;11467642;0.0001086
15681;1;20;2023;2;REGALIAS;2618331;0.000125
15681;1;20;2023;2;REGALIAS;51398424;0.000044
15693;1;8;2023;2;REGALIAS;3421496;2986
15693;1;2;2023;1;REGALIAS;135618;771.12
15720;2;7;2023;1;REGALIAS;279892550;7144
15720;2;7;2023;2;REGALIAS;268090046;8025
15723;2;7;2023;1;REGALIAS;91824226;2344
15723;2;7;2023;2;REGALIAS;67248804;2013
15723;1;7;2023;1;REGALIAS;379556684;8513
15723;1;7;2023;2;REGALIAS;574618389;14924
15755;2;7;2023;1;REGALIAS;92426506;2359
15755;2;7;2023;2;REGALIAS;43622244;1306
15755;1;7;2023;1;REGALIAS;4097228193;89738
15755;1;7;2023;2;REGALIAS;2266825497;5909
15757;2;7;2023;1;REGALIAS;303210985;7739
15757;2;7;2023;2;REGALIAS;224010687;6705
15757;1;7;2023;1;REGALIAS;1772126021;4124
15757;1;7;2023;2;REGALIAS;1189962422;32582
15759;1;7;2023;1;REGALIAS;574522642;17162
15759;1;7;2023;2;REGALIAS;967417195;31561
15759;1;1;2023;1;REGALIAS;275148;111
15759;1;1;2023;2;REGALIAS;59802;230
15759;1;1;2023;1;REGALIAS;319290;1142
15759;1;1;2023;2;REGALIAS;3470915;12371
15759;1;2;2023;2;REGALIAS;242750;190.8
15762;1;4;2023;1;REGALIAS;192780;1788
15790;1;7;2023;1;REGALIAS;845342974;35653
15790;1;7;2023;2;REGALIAS;727389097;28635
15806;1;8;2023;1;REGALIAS;5021715;49501
15806;1;8;2023;1;COMPENSACIÓN;45999729;0
15806;1;8;2023;2;REGALIAS;50219609;438187
15806;1;8;2023;2;COMPENSACIÓN;49007318;0
15820;1;7;2023;1;REGALIAS;819484332;31117
15820;1;7;2023;2;REGALIAS;775535851;22889
15837;1;7;2023;1;REGALIAS;333018905;12523
15837;1;7;2023;2;REGALIAS;416070972;9383
15842;1;7;2023;1;REGALIAS;26321935;1408
15842;1;7;2023;2;REGALIAS;191665029;8781
17001;1;1;2023;1;REGALIAS;1141934;407
17001;1;2;2023;1;REGALIAS;1446700;6552.9
17001;1;2;2023;2;REGALIAS;1169304;5861.16
17001;1;13;2023;1;REGALIAS;632820;22857
17001;1;3;2023;1;REGALIAS;88308;1258
17001;1;4;2023;1;REGALIAS;1317588;9511.2
17001;1;4;2023;2;REGALIAS;734776;5788.8
17001;1;5;2023;1;REGALIAS;4803040;0.000547
17001;1;5;2023;2;REGALIAS;2914615;0.000313
17001;1;6;2023;1;REGALIAS;122;0.000001
17001;1;6;2023;2;REGALIAS;201;0.000002
17013;1;2;2023;2;REGALIAS;378767;2065.5
17013;1;4;2023;2;REGALIAS;2017969;17335.2
17042;1;5;2023;2;REGALIAS;462244;0.00005
17088;1;2;2023;1;REGALIAS;101431;0
17088;1;4;2023;1;REGALIAS;177137;0
17174;1;5;2023;1;REGALIAS;18059254;0.002041
17174;1;5;2023;1;REGALIAS;24203157;0.002678
17174;1;5;2023;1;REGALIAS;26025790;0.002827
17174;1;5;2023;2;REGALIAS;3850748;0.00042
17174;1;5;2023;2;REGALIAS;16132601;0.001761
17174;1;5;2023;2;REGALIAS;15297973;0.000166
17174;1;6;2023;1;REGALIAS;34593;0.000301
17174;1;6;2023;1;REGALIAS;12952;0.000113
17174;1;6;2023;1;REGALIAS;51268;0.000448
17174;1;6;2023;2;REGALIAS;539;0.000005
17174;1;6;2023;2;REGALIAS;29360;0.000268
17174;1;6;2023;2;REGALIAS;21829;0.000199
17272;1;2;2023;1;REGALIAS;1800015;10230.3
17272;1;2;2023;2;REGALIAS;2514644;8869.5
17272;1;4;2023;1;REGALIAS;1692014;15156
17272;1;4;2023;2;REGALIAS;2128463;13137.6
17380;1;2;2023;1;REGALIAS;658713;3745.44
17380;1;2;2023;2;REGALIAS;8462859;42831.18
17380;1;4;2023;1;REGALIAS;1276663;11438.4
17380;1;4;2023;2;REGALIAS;2629328;20968.8
17380;1;5;2023;1;REGALIAS;4888540;0.000636
17380;1;5;2023;1;REGALIAS;8896487;0.001133
17380;1;6;2023;1;REGALIAS;7469;0.000086
17380;1;6;2023;1;REGALIAS;14416;0.00016
17388;1;10;2023;1;REGALIAS;464196;404
17388;1;15;2023;1;REGALIAS;1360122;397
17442;1;5;2023;1;REGALIAS;761761249;0.091359
17442;1;5;2023;1;REGALIAS;988057174;0.109155
17442;1;5;2023;1;REGALIAS;1338639817;0.147402
17442;1;5;2023;2;REGALIAS;982800117;0.108536
17442;1;5;2023;2;REGALIAS;1246458486;0.013362
17442;1;5;2023;2;REGALIAS;885703191;0.099936
17442;1;6;2023;1;REGALIAS;7742990;0.086952
17442;1;6;2023;1;REGALIAS;7541701;0.075942
17442;1;6;2023;1;REGALIAS;9492977;0.094223
17442;1;6;2023;2;REGALIAS;8565761;0.000954
17442;1;6;2023;2;REGALIAS;4197273;0.036437
17442;1;6;2023;2;REGALIAS;2734845;0.039295
17486;1;2;2023;1;REGALIAS;1388787;9567.72
17486;1;2;2023;2;REGALIAS;1725505;12452.94
17486;1;4;2023;1;REGALIAS;1233210;13262.4
17486;1;4;2023;2;REGALIAS;1281356;13874.4
17524;1;5;2023;1;REGALIAS;31531950;0.003564
17524;1;5;2023;1;REGALIAS;41065458;0.004584
17524;1;5;2023;1;REGALIAS;36634834;0.003984
17524;1;5;2023;2;REGALIAS;35528107;0.003866
17524;1;5;2023;2;REGALIAS;25863936;0.002822
17524;1;5;2023;2;REGALIAS;30613838;0.003315
17524;1;6;2023;1;REGALIAS;20056;0.000176
17524;1;6;2023;1;REGALIAS;46223;0.000402
17524;1;6;2023;1;REGALIAS;39162;0.00034
17524;1;6;2023;2;REGALIAS;44809;0.000395
17524;1;6;2023;2;REGALIAS;46942;0.000429
17524;1;6;2023;2;REGALIAS;33106;0.000303
17541;1;5;2023;1;REGALIAS;2308110;0.00026
17541;1;5;2023;1;REGALIAS;8464481;0.000924
17541;1;5;2023;1;REGALIAS;7304801;0.000797
17541;1;5;2023;2;REGALIAS;1509372;0.000161
17541;1;5;2023;2;REGALIAS;2510628;0.00027
17541;1;6;2023;1;REGALIAS;805;0.000007
17541;1;6;2023;1;REGALIAS;2531;0.000022
17541;1;6;2023;1;REGALIAS;219;0.000002
17541;1;6;2023;2;REGALIAS;534;0.000005
17541;1;6;2023;2;REGALIAS;1120;0.00001
17614;1;5;2023;1;REGALIAS;10137828;0.001144
17614;1;5;2023;1;REGALIAS;10368706;0.001126
17614;1;5;2023;2;REGALIAS;10774800;0.001176
17614;1;5;2023;2;REGALIAS;952042;0.000102
17614;1;6;2023;1;REGALIAS;400427;0.000348
17614;1;6;2023;1;REGALIAS;460916;0.004006
17614;1;6;2023;2;REGALIAS;505054;0.004612
17614;1;6;2023;2;REGALIAS;348;0.000003
17777;1;1;2023;1;REGALIAS;3342648;12202
17777;1;1;2023;2;REGALIAS;1513694;5395
17777;1;5;2023;1;REGALIAS;12241892;0.001402
17777;1;5;2023;1;REGALIAS;17313773;0.001995
17777;1;5;2023;1;REGALIAS;21386747;0.000239
17777;1;5;2023;2;REGALIAS;21861758;0.002378
17777;1;5;2023;2;REGALIAS;4734735;0.000508
17777;1;5;2023;2;REGALIAS;12297029;0.001321
17777;1;6;2023;1;REGALIAS;12098;0.000113
17777;1;6;2023;1;REGALIAS;23646;0.000228
17777;1;6;2023;1;REGALIAS;21141;0.000197
17777;1;6;2023;2;REGALIAS;28504;0.000267
17777;1;6;2023;2;REGALIAS;1119;0.00001
17777;1;6;2023;2;REGALIAS;11508;0.000102
17867;1;8;2023;1;REGALIAS;75579;745
17867;1;5;2023;1;REGALIAS;12389875;0.000105
17867;1;5;2023;1;REGALIAS;10692269;0.000825
17867;1;5;2023;2;REGALIAS;5801321;0.000414
17867;1;5;2023;2;REGALIAS;2300745;0.000165
17867;1;6;2023;1;REGALIAS;9389;0.000104
17867;1;6;2023;1;REGALIAS;3488;0.000031
17867;1;6;2023;2;REGALIAS;1623;0.000015
17867;1;6;2023;2;REGALIAS;663;0.000006
17877;1;2;2023;1;REGALIAS;1443469;878.04
17877;1;2;2023;2;REGALIAS;775238;3902.58
17877;1;4;2023;1;REGALIAS;2448064;23508
17877;1;4;2023;2;REGALIAS;1700693;13490.4
18001;1;2;2023;1;REGALIAS;287760;163.62
18001;1;2;2023;2;REGALIAS;573463;2886.84
18001;1;4;2023;1;REGALIAS;37234;333.6
18001;1;4;2023;2;REGALIAS;539163;4276.8
18247;1;2;2023;1;REGALIAS;244454;1389.96
18247;1;4;2023;1;REGALIAS;536274;4804.8
18592;1;2;2023;2;REGALIAS;177172;892.62
18592;1;4;2023;2;REGALIAS;1114770;8841.6
19001;1;1;2023;1;REGALIAS;36739;131
19001;1;13;2023;1;REGALIAS;2735018;9876
19001;1;13;2023;2;REGALIAS;745500;23832
19001;1;5;2023;1;REGALIAS;5650596;0.000637
19001;1;6;2023;1;REGALIAS;31296;0.000272
19110;1;7;2023;2;REGALIAS;80470476;3686
19110;1;2;2023;1;REGALIAS;153682;0
19110;1;4;2023;1;REGALIAS;170124;0
19110;1;5;2023;1;REGALIAS;66798286;0.007556
19110;1;5;2023;1;REGALIAS;54923886;0.006139
19110;1;5;2023;1;REGALIAS;73481892;0.007995
19110;1;5;2023;2;REGALIAS;96152492;0.010455
19110;1;5;2023;2;REGALIAS;29276913;0.003137
19110;1;5;2023;2;REGALIAS;138724495;0.014905
19110;1;6;2023;1;REGALIAS;522261;0.004655
19110;1;6;2023;1;REGALIAS;1324590;0.011512
19110;1;6;2023;1;REGALIAS;1327564;0.011571
19110;1;6;2023;2;REGALIAS;3962462;0.036193
19110;1;6;2023;2;REGALIAS;80823;0.00072
19110;1;6;2023;2;REGALIAS;4521986;0.003992
19142;1;3;2023;2;REGALIAS;3042000;43158
19142;1;4;2023;1;REGALIAS;3917860;46747.2
19142;1;4;2023;2;REGALIAS;2185119;23008.8
19212;1;21;2023;1;REGALIAS;149071;158.6
19212;1;21;2023;2;REGALIAS;47858;44.2
19256;1;5;2023;1;REGALIAS;26123964;0.002964
19256;1;5;2023;1;REGALIAS;9845858;0.001069
19256;1;5;2023;1;REGALIAS;15801473;0.001719
19256;1;5;2023;2;REGALIAS;10125355;0.000108
19256;1;5;2023;2;REGALIAS;12303801;0.001321
19256;1;5;2023;2;REGALIAS;23378567;0.002512
19256;1;6;2023;1;REGALIAS;14197;0.000123
19256;1;6;2023;1;REGALIAS;2789;0.000024
19256;1;6;2023;1;REGALIAS;12604;0.000112
19256;1;6;2023;2;REGALIAS;20936;0.000196
19256;1;6;2023;2;REGALIAS;1462942;0.012626
19256;1;6;2023;2;REGALIAS;16732;0.000148
19300;1;1;2023;1;REGALIAS;2859188;11881
19300;1;1;2023;1;REGALIAS;4749292;18277
19300;1;1;2023;2;REGALIAS;2821054;10055
19300;1;4;2023;1;REGALIAS;1299692;0
19300;1;4;2023;2;REGALIAS;724881;0
19318;1;5;2023;1;REGALIAS;18531155;0.002095
19318;1;5;2023;1;REGALIAS;26107819;0.002834
19318;1;5;2023;1;REGALIAS;31628164;0.003447
19318;1;5;2023;2;REGALIAS;26144135;0.002818
19318;1;5;2023;2;REGALIAS;26466746;0.002837
19318;1;5;2023;2;REGALIAS;217851794;0.023409
19318;1;6;2023;1;REGALIAS;27347;0.00024
19318;1;6;2023;1;REGALIAS;37334;0.000324
19318;1;6;2023;1;REGALIAS;44634;0.000402
19318;1;6;2023;2;REGALIAS;38658;0.000357
19318;1;6;2023;2;REGALIAS;45341;0.000399
19318;1;6;2023;2;REGALIAS;110404;0.000973
19392;1;5;2023;1;REGALIAS;143361224;0.016542
19392;1;5;2023;1;REGALIAS;23503839;0.002565
19392;1;6;2023;1;REGALIAS;2753993;0.002611
19392;1;6;2023;1;REGALIAS;488042;0.004457
19418;1;5;2023;1;REGALIAS;10018259;0.000109
19418;1;5;2023;2;REGALIAS;5789350;0.000622
19418;1;5;2023;2;REGALIAS;15153691;0.001623
19418;1;5;2023;2;REGALIAS;12250187;0.001316
19418;1;6;2023;1;REGALIAS;18974;0.000168
19418;1;6;2023;2;REGALIAS;10928;0.000102
19418;1;6;2023;2;REGALIAS;29210;0.00026
19418;1;6;2023;2;REGALIAS;24627;0.000219
19450;1;2;2023;1;REGALIAS;1668256;0
19450;1;4;2023;1;REGALIAS;3044621;0
19532;1;2;2023;1;REGALIAS;3875044;31518.72
19532;1;4;2023;1;REGALIAS;7072079;90640.8
19533;1;2;2023;1;REGALIAS;414388;0
19533;1;4;2023;1;REGALIAS;282126;0
19573;1;2;2023;1;REGALIAS;146612;0
19622;1;5;2023;1;REGALIAS;10449226;0.001184
19622;1;5;2023;2;REGALIAS;4729491;0.000504
19622;1;5;2023;2;REGALIAS;1273302;0.000137
19622;1;6;2023;2;REGALIAS;7786;0.000073
19622;1;6;2023;2;REGALIAS;2480;0.000021
19698;1;1;2023;1;REGALIAS;3012258;12517
19698;1;1;2023;2;REGALIAS;3036739;10823
19698;1;2;2023;1;REGALIAS;1789649;10175.22
19698;1;2;2023;2;REGALIAS;2666898;13399.02
19701;1;5;2023;2;REGALIAS;6498169;0.000699
19701;1;6;2023;2;REGALIAS;284;0.000003
19809;1;5;2023;1;REGALIAS;5630117;0.000635
19809;1;5;2023;2;REGALIAS;22794448;0.001621
19809;1;6;2023;1;REGALIAS;6312;0.000055
19809;1;6;2023;2;REGALIAS;24559;0.00023
19845;1;1;2023;1;REGALIAS;571000;2101
19845;1;1;2023;1;REGALIAS;1151000;4102
19845;1;1;2023;2;REGALIAS;1072738;3823
19845;1;2;2023;1;REGALIAS;1301175;455.22
19845;1;4;2023;1;REGALIAS;18311;240
20001;1;8;2023;1;REGALIAS;29420;290
20001;1;18;2023;2;REGALIAS;80186;30
20001;1;9;2023;2;REGALIAS;144300;334
20001;1;2;2023;1;REGALIAS;775141;4408.02
20032;1;3;2023;1;REGALIAS;17300000;277532
20045;4;7;2023;1;REGALIAS;2.30E+16;1858151
20045;4;7;2023;1;REGALIAS;2.23E+16;1799546
20045;4;7;2023;1;REGALIAS;2.45E+16;1977266
20045;4;7;2023;2;REGALIAS;2.26E+16;1908276
20045;4;7;2023;2;REGALIAS;2.03E+16;1711987
20045;4;7;2023;2;REGALIAS;1.93E+16;1629725
20045;4;7;2023;2;COMPENSACIÓN;3.42E+16;0
20060;1;8;2023;1;REGALIAS;5859850;57763
20060;1;8;2023;2;REGALIAS;5472900;47762
20060;1;21;2023;1;REGALIAS;215376;28.6
20060;1;21;2023;1;REGALIAS;68239;83.2
20060;1;3;2023;2;REGALIAS;920544;13518
20178;5;7;2023;1;REGALIAS;19512930609;0
20238;1;3;2023;1;REGALIAS;2798439;44992
20238;1;3;2023;2;REGALIAS;29156;0
20238;1;4;2023;1;REGALIAS;1284446;11508
20250;6;7;2023;1;REGALIAS;25087885552;508008
20250;6;7;2023;2;REGALIAS;27857462075;572027
20295;1;2;2023;2;REGALIAS;3253881;16381.44
20295;1;4;2023;2;REGALIAS;6353840;50.4
20383;1;2;2023;2;REGALIAS;249813;1257.12
20383;1;4;2023;2;REGALIAS;487810;3868.8
20400;5;7;2023;1;REGALIAS;35588422992;374627
20400;5;7;2023;1;REGALIAS;54345978526;406718
20400;5;7;2023;1;REGALIAS;55228113428;529409
20400;5;7;2023;2;REGALIAS;33547720860;487846
20400;5;7;2023;2;REGALIAS;37456464338;474163
20400;5;7;2023;2;REGALIAS;9609660619;496873
20400;7;7;2023;1;REGALIAS;9599605502;153618
20400;7;7;2023;1;REGALIAS;11334046014;181373
20400;7;7;2023;1;REGALIAS;8981927406;143734
20400;7;7;2023;1;COMPENSACIÓN;17949347353;0
20400;7;7;2023;2;REGALIAS;11126293496;189594
20400;7;7;2023;2;REGALIAS;9046525384;154154
20400;7;7;2023;2;REGALIAS;9638653145;164244
20400;7;7;2023;2;COMPENSACIÓN;17886883215;0
20400;1;7;2023;1;REGALIAS;222171324;2976
20443;1;8;2023;1;REGALIAS;5168928;50952
20443;1;8;2023;2;REGALIAS;5907652;51557
20770;1;2;2023;1;REGALIAS;1691391;9617.94
20770;1;4;2023;1;REGALIAS;1450357;12993.6
23001;1;8;2023;1;REGALIAS;2915535;27754
23001;1;8;2023;2;REGALIAS;2717029;19251
23001;1;21;2023;1;REGALIAS;2045507;312
23001;1;21;2023;2;REGALIAS;1775094;244.4
23001;1;21;2023;1;REGALIAS;643854;743.6
23001;1;21;2023;2;REGALIAS;563743;681.2
23001;1;13;2023;2;REGALIAS;141264;0
23001;1;3;2023;1;REGALIAS;7817885;125694
23001;1;3;2023;2;REGALIAS;7126600;101442
23068;1;5;2023;1;REGALIAS;622366559;0.072274
23068;1;5;2023;1;REGALIAS;829849159;0.089723
23068;1;5;2023;1;REGALIAS;1358741771;0.149219
23068;1;5;2023;2;REGALIAS;946806558;0.010104
23068;1;5;2023;2;REGALIAS;1125676274;0.121188
23068;1;5;2023;2;REGALIAS;762416377;0.081163
23068;1;6;2023;1;REGALIAS;1179983;0.010871
23068;1;6;2023;1;REGALIAS;1497577;0.013015
23068;1;6;2023;1;REGALIAS;2257150;0.020266
23068;1;6;2023;2;REGALIAS;1786029;0.016606
23068;1;6;2023;2;REGALIAS;1949345;0.017031
23068;1;6;2023;2;REGALIAS;1420319;0.012681
23068;1;11;2023;1;REGALIAS;5896957;0.001064
23068;1;11;2023;2;REGALIAS;1627948;0.000274
23189;1;3;2023;1;REGALIAS;6410000;100
23350;1;1;2023;1;REGALIAS;903447;322
23466;1;7;2023;1;REGALIAS;3107388998;46845
23466;1;7;2023;2;REGALIAS;10319137034;184085
23466;8;22;2023;1;REGALIAS;74444740933;9489.12
23466;8;22;2023;1;COMPENSACIÓN;69127259437;0
23466;1;13;2023;2;REGALIAS;7975846;404756
23555;8;22;2023;1;REGALIAS;1440347621;183.59
23555;8;22;2023;1;COMPENSACIÓN;1337465648;0
23555;1;2;2023;1;REGALIAS;2602292;0
23555;1;13;2023;2;REGALIAS;1968076;1085812
23580;1;7;2023;1;REGALIAS;14236393280;0
23580;1;7;2023;2;REGALIAS;11918088892;318127
23580;8;22;2023;1;REGALIAS;23119950;2.95
23580;8;22;2023;1;COMPENSACIÓN;21468525;0
23580;1;13;2023;2;REGALIAS;1539108;0
23580;1;5;2023;1;REGALIAS;173035753;0.019717
23580;1;5;2023;1;REGALIAS;144459264;0.015878
23580;1;5;2023;1;REGALIAS;196695528;0.021429
23580;1;5;2023;2;REGALIAS;152937240;0.016454
23580;1;5;2023;2;REGALIAS;190000843;0.020337
23580;1;5;2023;2;REGALIAS;231546738;0.024879
23580;1;6;2023;1;REGALIAS;247873;0.002228
23580;1;6;2023;1;REGALIAS;204444;0.001778
23580;1;6;2023;1;REGALIAS;304105;0.002737
23580;1;6;2023;2;REGALIAS;224617;0.002084
23580;1;6;2023;2;REGALIAS;268812;0.002409
23580;1;6;2023;2;REGALIAS;271357;0.002379
23586;1;8;2023;1;REGALIAS;818170;8065
23678;1;2;2023;1;REGALIAS;4709;0
23682;8;22;2023;1;REGALIAS;3863924762;492.52
23682;8;22;2023;1;COMPENSACIÓN;3587930136;0
23682;1;13;2023;2;REGALIAS;2888138;0
23682;1;5;2023;1;REGALIAS;443065638;0.004999
23682;1;5;2023;1;REGALIAS;584579573;0.063697
23682;1;5;2023;1;REGALIAS;660280670;0.072014
23682;1;5;2023;2;REGALIAS;623885349;0.066692
23682;1;5;2023;2;REGALIAS;837381958;0.090007
23682;1;5;2023;2;REGALIAS;525802601;0.056531
23682;1;6;2023;1;REGALIAS;423898;0.003688
23682;1;6;2023;1;REGALIAS;451919;0.003928
23682;1;6;2023;1;REGALIAS;270565;0.002467
23682;1;6;2023;2;REGALIAS;355236;0.003328
23682;1;6;2023;2;REGALIAS;877051;0.007692
23682;1;6;2023;2;REGALIAS;296688;0.002633
23807;1;2;2023;1;REGALIAS;135524;0
23807;1;2;2023;2;REGALIAS;201850;0
23807;1;4;2023;2;REGALIAS;139126;0
23855;1;2;2023;1;REGALIAS;1110676;7085.88
23855;1;2;2023;2;REGALIAS;1654245;9344.16
23855;1;4;2023;2;REGALIAS;1140193;10147.2
25099;1;2;2023;1;REGALIAS;3699137;26602.02
25099;1;3;2023;1;REGALIAS;2033197;32690
25099;1;3;2023;2;REGALIAS;3990213;56798
25099;1;4;2023;1;REGALIAS;776445;6957.6
25099;1;4;2023;2;REGALIAS;994552;7888.8
25126;1;3;2023;1;REGALIAS;1990161;40604
25126;1;3;2023;2;REGALIAS;956560;17278
25126;1;4;2023;1;REGALIAS;984839;11198.4
25126;1;4;2023;2;REGALIAS;1445619;14551.2
25148;1;7;2023;1;REGALIAS;402915921;10284
25151;1;2;2023;1;REGALIAS;4025122;22644.36
25151;1;2;2023;2;REGALIAS;4980000;2504.52
25151;1;4;2023;1;REGALIAS;8132268;72470.4
25151;1;4;2023;2;REGALIAS;6880000;5455.2
25154;1;2;2023;1;REGALIAS;886320;5039.82
25154;1;4;2023;1;REGALIAS;1189789;10660.8
25175;1;3;2023;2;REGALIAS;8511137;170848
25178;1;2;2023;1;REGALIAS;25069;0
25178;1;2;2023;2;REGALIAS;29312;0
25178;1;3;2023;1;REGALIAS;4455;0
25178;1;3;2023;2;REGALIAS;6751;0
25178;1;4;2023;1;REGALIAS;103933;0
25178;1;4;2023;2;REGALIAS;117036;0
25183;1;2;2023;1;REGALIAS;10210100;58054.32
25183;1;4;2023;1;REGALIAS;2152200;19281.6
25200;1;7;2023;1;REGALIAS;191180835;411
25200;1;7;2023;2;REGALIAS;316842857;9617
25200;1;1;2023;1;REGALIAS;7331502;29515
25224;1;7;2023;1;REGALIAS;5320963040;131438
25224;1;7;2023;2;REGALIAS;2140491491;7057
25260;1;4;2023;2;REGALIAS;2346659;18614.4
25281;1;2;2023;1;REGALIAS;404243;2904.66
25281;1;4;2023;1;REGALIAS;404032;4252.8
25293;1;20;2023;1;REGALIAS;14322319;0
25293;1;20;2023;1;REGALIAS;26214263;0
25293;1;20;2023;2;REGALIAS;1045509;0
25293;1;20;2023;2;REGALIAS;41934;0
25293;1;20;2023;1;REGALIAS;24316331;0.0001376
25293;1;20;2023;1;REGALIAS;82298627;0.0001332
25293;1;20;2023;1;REGALIAS;9149915;0.0000172
25293;1;20;2023;2;REGALIAS;12036483;0.0000178
25293;1;20;2023;2;REGALIAS;1211476;0.000001
25307;1;1;2023;1;REGALIAS;635444;2265
25307;1;1;2023;2;REGALIAS;583982;2106
25317;1;7;2023;1;REGALIAS;5154485904;130974
25317;1;7;2023;2;REGALIAS;1634636033;48929
25320;1;2;2023;2;REGALIAS;45520;0
25320;1;4;2023;2;REGALIAS;14143;0
25335;1;4;2023;1;REGALIAS;2858006;25605.6
25368;1;2;2023;1;REGALIAS;933400;5307.12
25368;1;4;2023;1;REGALIAS;424795;3369.6
25402;1;3;2023;1;REGALIAS;2178;0
25407;1;7;2023;1;REGALIAS;5240616419;117627
25407;1;7;2023;2;REGALIAS;2381334413;62236
25407;1;1;2023;1;REGALIAS;5901017;2452
25407;1;3;2023;1;REGALIAS;455000;72
25436;1;4;2023;1;REGALIAS;15394;0
25436;1;4;2023;2;REGALIAS;11225;0
25473;1;1;2023;1;REGALIAS;1105740;3941
25473;1;1;2023;2;REGALIAS;818433;2917
25473;1;3;2023;1;REGALIAS;28806754;463002
25473;1;3;2023;2;REGALIAS;46103478;656246
25473;1;4;2023;1;REGALIAS;72778095;652063.2
25473;1;4;2023;2;REGALIAS;71437541;56666.4
25483;1;2;2023;1;REGALIAS;943000;5360.58
25483;1;2;2023;2;REGALIAS;1006811;5068.98
25483;1;4;2023;1;REGALIAS;21600;192
25483;1;4;2023;2;REGALIAS;28562;225.6
25486;1;1;2023;1;REGALIAS;2216994;8191
25486;1;1;2023;2;REGALIAS;909727;283
25488;1;4;2023;1;REGALIAS;1064009;12403.2
25488;1;4;2023;2;REGALIAS;1119022;11548.8
25513;1;7;2023;1;REGALIAS;190392184;455
25530;1;2;2023;2;REGALIAS;2489473;12532.32
25530;1;4;2023;2;REGALIAS;1088216;8632.8
25592;1;2;2023;2;REGALIAS;106221;0
25592;1;4;2023;1;REGALIAS;477961;0
25592;1;4;2023;2;REGALIAS;295677;0
25594;1;2;2023;1;REGALIAS;443975;2523.96
25594;1;4;2023;1;REGALIAS;1070354;9590.4
25599;1;3;2023;2;REGALIAS;1366280;19448
25612;1;2;2023;2;REGALIAS;3290552;31079.2
25612;1;2;2023;1;REGALIAS;2558738;17588.34
25612;1;2;2023;2;REGALIAS;3268362;1989.36
25612;1;4;2023;1;REGALIAS;3608201;39086.4
25612;1;4;2023;2;REGALIAS;4609308;44210.4
25658;1;2;2023;2;REGALIAS;12873;121.9
25658;1;3;2023;1;REGALIAS;1226667;19758
25736;9;23;2023;1;REGALIAS;728032328;91834
25736;9;23;2023;2;REGALIAS;835088127;9326
25745;1;1;2023;1;REGALIAS;248403;1
25745;1;1;2023;2;REGALIAS;928698;1
25754;1;1;2023;1;REGALIAS;16702797;60445
25754;1;2;2023;1;REGALIAS;10722600;64114.74
25754;1;3;2023;1;REGALIAS;17176122;276146
25754;1;3;2023;2;REGALIAS;4722404;6722
25754;1;4;2023;1;REGALIAS;3143711;28166.4
25754;1;4;2023;2;REGALIAS;4476988;35512.8
25758;1;3;2023;2;REGALIAS;1831502;0
25781;1;7;2023;1;REGALIAS;5635167006;139177
25781;1;7;2023;2;REGALIAS;2519522233;65407
25781;1;3;2023;1;REGALIAS;5828967;93716
25781;1;3;2023;2;REGALIAS;5084903;7238
25785;1;3;2023;1;REGALIAS;535317;0
25785;1;3;2023;2;REGALIAS;257271;0
25785;1;4;2023;1;REGALIAS;264904;0
25785;1;4;2023;2;REGALIAS;388806;0
25793;1;7;2023;1;REGALIAS;724383455;17143
25793;1;7;2023;2;REGALIAS;133388256;3838
25793;1;1;2023;1;REGALIAS;2038456;7858
25793;1;1;2023;2;REGALIAS;1150000;4231
25793;1;1;2023;1;REGALIAS;35000;125
25807;1;4;2023;1;REGALIAS;710752;57.6
25807;1;4;2023;2;REGALIAS;518256;420
25817;1;2;2023;1;REGALIAS;16796678;95479.56
25817;1;2;2023;2;REGALIAS;1788614;9003.96
25839;1;18;2023;1;REGALIAS;172181726;59564
25839;1;18;2023;2;REGALIAS;207516721;77638
25839;1;20;2023;2;REGALIAS;13402;0
25845;1;2;2023;1;REGALIAS;3882762;22219.92
25845;1;2;2023;2;REGALIAS;4550754;23055.84
25845;1;3;2023;1;REGALIAS;690045;11166
25845;1;3;2023;2;REGALIAS;1048167;15016
25845;1;4;2023;1;REGALIAS;16097588;145159.2
25845;1;4;2023;2;REGALIAS;18169841;14505.6
25873;1;7;2023;1;REGALIAS;115508700;2467
25873;1;7;2023;2;REGALIAS;291830619;5092
25875;1;2;2023;2;REGALIAS;914648;5138.64
25875;1;4;2023;1;REGALIAS;4116539;41164.8
25875;1;4;2023;2;REGALIAS;2546003;22540.8
25899;1;7;2023;1;REGALIAS;113860476;5753
25899;1;7;2023;2;REGALIAS;126578961;5579
25899;1;2;2023;1;REGALIAS;34510146;158907.25
25899;1;2;2023;2;REGALIAS;50901406;250568.1
27001;1;2;2023;1;REGALIAS;218124;2109.24
27001;1;5;2023;1;REGALIAS;83809656;0.010505
27001;1;5;2023;1;REGALIAS;80843804;0.009004
27001;1;5;2023;1;REGALIAS;84958734;0.009275
27001;1;5;2023;2;REGALIAS;101744917;0.010952
27001;1;5;2023;2;REGALIAS;120340372;0.012896
27001;1;5;2023;2;REGALIAS;179266948;0.019307
27001;1;6;2023;1;REGALIAS;67763;0.00066
27001;1;6;2023;1;REGALIAS;87791;0.000764
27001;1;6;2023;1;REGALIAS;97918;0.000886
27001;1;6;2023;2;REGALIAS;125542;0.001163
27001;1;6;2023;2;REGALIAS;158658;0.000014
27001;1;6;2023;2;REGALIAS;254325;0.002234
27001;1;11;2023;1;REGALIAS;636318;0.000102
27001;1;11;2023;1;REGALIAS;107663;0.000017
27001;1;11;2023;1;REGALIAS;2636955;0.000444
27001;1;11;2023;2;REGALIAS;4582561;0.000771
27001;1;11;2023;2;REGALIAS;9727159;0.001611
27001;1;11;2023;2;REGALIAS;11739441;0.001894
27050;1;2;2023;1;REGALIAS;48255;0
27050;1;5;2023;1;REGALIAS;91415081;0.010475
27050;1;5;2023;1;REGALIAS;241235950;0.026874
27050;1;5;2023;1;REGALIAS;173615269;0.018953
27050;1;5;2023;2;REGALIAS;105133289;0.011307
27050;1;5;2023;2;REGALIAS;313313607;0.033638
27050;1;5;2023;2;REGALIAS;176975713;0.019018
27050;1;6;2023;1;REGALIAS;118794;0.001082
27050;1;6;2023;1;REGALIAS;334858;0.002929
27050;1;6;2023;1;REGALIAS;265413;0.002395
27050;1;6;2023;2;REGALIAS;154715;0.001437
27050;1;6;2023;2;REGALIAS;391587;0.003519
27050;1;6;2023;2;REGALIAS;184586;0.001622
27050;1;11;2023;1;REGALIAS;1104268;0.000177
27050;1;11;2023;1;REGALIAS;1018794;0.000162
27050;1;11;2023;1;REGALIAS;3026029;0.000509
27050;1;11;2023;2;REGALIAS;966330;0.000163
27050;1;11;2023;2;REGALIAS;2810709;0.000461
27050;1;11;2023;2;REGALIAS;1785242;0.000288
27073;1;5;2023;1;REGALIAS;651937;0.000074
27073;1;5;2023;1;REGALIAS;8080121;0.000895
27073;1;5;2023;1;REGALIAS;6224014;0.000677
27073;1;5;2023;2;REGALIAS;8242319;0.000889
27073;1;5;2023;2;REGALIAS;6137027;0.000659
27073;1;5;2023;2;REGALIAS;405184;0.000044
27073;1;6;2023;1;REGALIAS;230;0.000002
27073;1;6;2023;1;REGALIAS;12080;0.000105
27073;1;6;2023;1;REGALIAS;8220;0.000073
27073;1;6;2023;2;REGALIAS;10053;0.000093
27073;1;6;2023;2;REGALIAS;7946;0.000069
27073;1;6;2023;2;REGALIAS;753;0.000007
27073;1;11;2023;1;REGALIAS;1746376;0.000288
27073;1;11;2023;2;REGALIAS;499040;0.000084
27135;1;5;2023;1;REGALIAS;799060539;0.009062
27135;1;5;2023;1;REGALIAS;1454182756;0.160799
27135;1;5;2023;1;REGALIAS;1686601279;0.184158
27135;1;5;2023;2;REGALIAS;1461452347;0.157177
27135;1;5;2023;2;REGALIAS;1574680845;0.168685
27135;1;5;2023;2;REGALIAS;1355078119;0.145588
27135;1;6;2023;1;REGALIAS;1044360;0.009324
27135;1;6;2023;1;REGALIAS;1914860;0.016709
27135;1;6;2023;1;REGALIAS;1996264;0.018008
27135;1;6;2023;2;REGALIAS;1819518;0.001688
27135;1;6;2023;2;REGALIAS;2004100;0.017897
27135;1;6;2023;2;REGALIAS;1566669;0.013726
27135;1;11;2023;1;REGALIAS;18122625;0.002912
27135;1;11;2023;1;REGALIAS;30330735;0.004794
27135;1;11;2023;1;REGALIAS;76408255;0.000129
27135;1;11;2023;2;REGALIAS;53926720;0.009072
27135;1;11;2023;2;REGALIAS;66101187;0.010974
27135;1;11;2023;2;REGALIAS;45551833;0.007355
27160;1;5;2023;1;REGALIAS;95091360;0.001076
27160;1;5;2023;1;REGALIAS;172702095;0.019111
27160;1;5;2023;1;REGALIAS;242352940;0.026446
27160;1;5;2023;2;REGALIAS;188136226;0.020291
27160;1;5;2023;2;REGALIAS;215442247;0.023072
27160;1;5;2023;2;REGALIAS;216848649;0.023301
27160;1;6;2023;1;REGALIAS;113792;0.001012
27160;1;6;2023;1;REGALIAS;246482;0.002147
27160;1;6;2023;1;REGALIAS;318261;0.002871
27160;1;6;2023;2;REGALIAS;230903;0.002138
27160;1;6;2023;2;REGALIAS;325701;0.002885
27160;1;6;2023;2;REGALIAS;308580;0.002714
27160;1;11;2023;1;REGALIAS;3158880;0.000506
27160;1;11;2023;1;REGALIAS;4161010;0.000653
27160;1;11;2023;1;REGALIAS;4379434;0.000739
27160;1;11;2023;2;REGALIAS;2629692;0.000443
27160;1;11;2023;2;REGALIAS;4783194;0.00079
27160;1;11;2023;2;REGALIAS;2278428;0.000368
27205;1;5;2023;1;REGALIAS;225747163;0.025854
27205;1;5;2023;1;REGALIAS;242586509;0.026894
27205;1;5;2023;1;REGALIAS;211483612;0.022644
27205;1;5;2023;2;REGALIAS;92743740;0.009859
27205;1;5;2023;2;REGALIAS;248126405;0.026546
27205;1;5;2023;2;REGALIAS;273585483;0.029406
27205;1;6;2023;1;REGALIAS;849114;0.009086
27205;1;6;2023;1;REGALIAS;838131;0.008509
27205;1;6;2023;1;REGALIAS;402272;0.003624
27205;1;6;2023;2;REGALIAS;155690;0.001438
27205;1;6;2023;2;REGALIAS;379877;0.003399
27205;1;6;2023;2;REGALIAS;345636;0.003042
27205;1;11;2023;1;REGALIAS;26798422;0.004304
27205;1;11;2023;1;REGALIAS;22551378;0.003556
27205;1;11;2023;1;REGALIAS;26478680;0.004383
27205;1;11;2023;2;REGALIAS;38381685;0.006476
27205;1;11;2023;2;REGALIAS;12305751;0.002038
27205;1;11;2023;2;REGALIAS;13529834;0.002193
27361;1;5;2023;1;REGALIAS;310037166;0.032666
27361;1;5;2023;1;REGALIAS;388351835;0.040517
27361;1;5;2023;1;REGALIAS;424480999;0.046409
27361;1;5;2023;2;REGALIAS;319703051;0.033306
27361;1;5;2023;2;REGALIAS;425681075;0.044648
27361;1;5;2023;2;REGALIAS;237009744;0.025468
27361;1;6;2023;1;REGALIAS;692601;0.006071
27361;1;6;2023;1;REGALIAS;566186;0.004921
27361;1;6;2023;1;REGALIAS;588046;0.005273
27361;1;6;2023;2;REGALIAS;448428;0.004156
27361;1;6;2023;2;REGALIAS;639193;0.005765
27361;1;6;2023;2;REGALIAS;345155;0.003035
27361;1;11;2023;1;REGALIAS;291061056;0.046719
27361;1;11;2023;1;REGALIAS;38401127;0.006073
27361;1;11;2023;1;REGALIAS;190033508;0.030213
27361;1;11;2023;2;REGALIAS;212360609;0.035801
27361;1;11;2023;2;REGALIAS;219911218;0.036495
27361;1;11;2023;2;REGALIAS;34069964;0.005511
27413;1;5;2023;1;REGALIAS;120848849;0.013684
27413;1;5;2023;1;REGALIAS;314461477;0.034766
27413;1;5;2023;1;REGALIAS;361637907;0.039517
27413;1;5;2023;2;REGALIAS;260395151;0.027978
27413;1;5;2023;2;REGALIAS;303344338;0.032485
27413;1;5;2023;2;REGALIAS;221468510;0.023795
27413;1;6;2023;1;REGALIAS;164325;0.001462
27413;1;6;2023;1;REGALIAS;437791;0.003808
27413;1;6;2023;1;REGALIAS;483854;0.000436
27413;1;6;2023;2;REGALIAS;331682;0.003082
27413;1;6;2023;2;REGALIAS;401868;0.003591
27413;1;6;2023;2;REGALIAS;278214;0.002433
27413;1;11;2023;1;REGALIAS;2765510;0.000445
27413;1;11;2023;1;REGALIAS;1500455;0.000237
27413;1;11;2023;1;REGALIAS;6716587;0.001122
27413;1;11;2023;2;REGALIAS;9537582;0.001605
27413;1;11;2023;2;REGALIAS;16737031;0.002783
27413;1;11;2023;2;REGALIAS;5035263;0.000814
27425;1;5;2023;1;REGALIAS;132273936;0.014921
27425;1;5;2023;1;REGALIAS;48941453;0.005313
27425;1;5;2023;1;REGALIAS;196390816;0.000214
27425;1;5;2023;2;REGALIAS;372045472;0.039984
27425;1;5;2023;2;REGALIAS;200344573;0.021422
27425;1;5;2023;2;REGALIAS;361519820;0.038863
27450;1;5;2023;1;REGALIAS;3746848;0.000424
27450;1;5;2023;1;REGALIAS;7502485;0.00082
27450;1;5;2023;1;REGALIAS;7420942;0.000809
27450;1;5;2023;2;REGALIAS;11803530;0.001275
27450;1;5;2023;2;REGALIAS;29971059;0.003235
27450;1;5;2023;2;REGALIAS;7970213;0.000857
27450;1;6;2023;1;REGALIAS;5939;0.000052
27450;1;6;2023;1;REGALIAS;9623;0.000084
27450;1;6;2023;1;REGALIAS;10890;0.000098
27450;1;6;2023;2;REGALIAS;18676;0.000173
27450;1;6;2023;2;REGALIAS;44553;0.000402
27450;1;6;2023;2;REGALIAS;11119;0.000098
27450;1;11;2023;1;REGALIAS;298662;0.000048
27450;1;11;2023;1;REGALIAS;838418;0.000132
27450;1;11;2023;1;REGALIAS;710985;0.000117
27450;1;11;2023;2;REGALIAS;2664243;0.000448
27450;1;11;2023;2;REGALIAS;1151129;0.000188
27450;1;11;2023;2;REGALIAS;2262786;0.000366
27491;1;5;2023;1;REGALIAS;622596912;0.070835
27491;1;5;2023;1;REGALIAS;655318655;0.072718
27491;1;5;2023;1;REGALIAS;912816185;0.099646
27491;1;5;2023;2;REGALIAS;692790701;0.075013
27491;1;5;2023;2;REGALIAS;779461740;0.083687
27491;1;5;2023;2;REGALIAS;1147921711;0.123103
27491;1;6;2023;1;REGALIAS;1063611;0.009424
27491;1;6;2023;1;REGALIAS;1031314;0.008967
27491;1;6;2023;1;REGALIAS;1313961;0.011726
27491;1;6;2023;2;REGALIAS;966309;0.008884
27491;1;6;2023;2;REGALIAS;1121020;0.010161
27491;1;6;2023;2;REGALIAS;1674911;0.014744
27491;1;11;2023;1;REGALIAS;11901752;0.001922
27491;1;11;2023;1;REGALIAS;18371236;0.002926
27491;1;11;2023;1;REGALIAS;32667543;0.005441
27491;1;11;2023;2;REGALIAS;30366600;0.005112
27491;1;11;2023;2;REGALIAS;20599862;0.003387
27491;1;11;2023;2;REGALIAS;72819160;0.011758
27580;1;5;2023;1;REGALIAS;2386066;0.00027
27580;1;5;2023;1;REGALIAS;10756869;0.001181
27580;1;5;2023;1;REGALIAS;8367697;0.000913
27580;1;5;2023;2;REGALIAS;6117726;0.000654
27580;1;5;2023;2;REGALIAS;7193078;0.00077
27580;1;5;2023;2;REGALIAS;5102106;0.000548
27580;1;6;2023;1;REGALIAS;3919;0.000034
27580;1;6;2023;1;REGALIAS;18301;0.000159
27580;1;6;2023;1;REGALIAS;13955;0.000127
27580;1;6;2023;2;REGALIAS;9823;0.000092
27580;1;6;2023;2;REGALIAS;12284;0.000109
27580;1;6;2023;2;REGALIAS;9013;0.000079
27580;1;11;2023;1;REGALIAS;415199;0.000067
27580;1;11;2023;1;REGALIAS;1800329;0.000288
27580;1;11;2023;1;REGALIAS;255784;0.000041
27580;1;11;2023;2;REGALIAS;443849;0.000075
27580;1;11;2023;2;REGALIAS;595503;0.000099
27580;1;11;2023;2;REGALIAS;382852;0.000062
27600;1;5;2023;1;REGALIAS;25981109;0.002969
27600;1;5;2023;1;REGALIAS;20746611;0.002333
27600;1;5;2023;1;REGALIAS;85965838;0.000937
27600;1;5;2023;2;REGALIAS;3093123;0.000332
27600;1;5;2023;2;REGALIAS;42956076;0.004583
27600;1;5;2023;2;REGALIAS;3117276;0.000335
27600;1;6;2023;1;REGALIAS;59292;0.000556
27600;1;6;2023;1;REGALIAS;47002;0.000409
27600;1;6;2023;1;REGALIAS;168445;0.001519
27600;1;6;2023;2;REGALIAS;4411;0.000041
27600;1;6;2023;2;REGALIAS;85003;0.000795
27600;1;6;2023;2;REGALIAS;4262;0.000037
27600;1;11;2023;1;REGALIAS;27322;0.000004
27600;1;11;2023;1;REGALIAS;32488;0.000005
27600;1;11;2023;1;REGALIAS;40712;0.000007
27600;1;11;2023;2;REGALIAS;17052;0.000003
27600;1;11;2023;2;REGALIAS;741366;0.000123
27600;1;11;2023;2;REGALIAS;338320;0.000055
27745;1;5;2023;1;REGALIAS;345142673;0.039078
27745;1;5;2023;1;REGALIAS;470734628;0.052378
27745;1;5;2023;1;REGALIAS;619798347;0.067656
27745;1;5;2023;2;REGALIAS;397622146;0.042898
27745;1;5;2023;2;REGALIAS;630436235;0.067598
27745;1;5;2023;2;REGALIAS;495428601;0.053242
27745;1;6;2023;1;REGALIAS;503801;0.004422
27745;1;6;2023;1;REGALIAS;637442;0.000554
27745;1;6;2023;1;REGALIAS;888608;0.007991
27745;1;6;2023;2;REGALIAS;576083;0.005327
27745;1;6;2023;2;REGALIAS;886677;0.007882
27745;1;6;2023;2;REGALIAS;561433;0.004927
27745;1;11;2023;1;REGALIAS;9377640;0.001504
27745;1;11;2023;1;REGALIAS;33590076;0.005333
27745;1;11;2023;1;REGALIAS;59548167;0.009943
27745;1;11;2023;2;REGALIAS;26167438;0.004403
27745;1;11;2023;2;REGALIAS;31074615;0.005149
27745;1;11;2023;2;REGALIAS;24620172;0.003979
27787;1;2;2023;1;REGALIAS;1055334;6509.16
27787;1;2;2023;2;REGALIAS;1192874;6509.16
27787;1;4;2023;2;REGALIAS;1120970;9643.2
27787;1;5;2023;1;REGALIAS;7418270;0.00084
27787;1;5;2023;1;REGALIAS;116419919;0.012707
27787;1;5;2023;1;REGALIAS;37667843;0.004109
27787;1;5;2023;2;REGALIAS;22882070;0.002494
27787;1;5;2023;2;REGALIAS;69977991;0.007507
27787;1;5;2023;2;REGALIAS;52598233;0.005652
27787;1;6;2023;1;REGALIAS;13665;0.000121
27787;1;6;2023;1;REGALIAS;125720;0.001093
27787;1;6;2023;1;REGALIAS;60255;0.000537
27787;1;6;2023;2;REGALIAS;37931;0.000347
27787;1;6;2023;2;REGALIAS;92225;0.000839
27787;1;6;2023;2;REGALIAS;67478;0.000586
27787;1;11;2023;1;REGALIAS;657768;0.000113
27787;1;11;2023;1;REGALIAS;1345618;0.000211
27787;1;11;2023;1;REGALIAS;1263887;0.000211
27787;1;11;2023;2;REGALIAS;372232;0.000063
27787;1;11;2023;2;REGALIAS;926581;0.000154
27787;1;11;2023;2;REGALIAS;333242;0.000054
27810;1;2;2023;1;REGALIAS;89466;0
27810;1;2;2023;2;REGALIAS;101126;0
27810;1;4;2023;2;REGALIAS;95030;0
27810;1;5;2023;1;REGALIAS;782357159;0.086597
27810;1;5;2023;1;REGALIAS;1556622145;0.170466
27810;1;5;2023;1;REGALIAS;1860814127;0.202105
27810;1;5;2023;2;REGALIAS;1366651344;0.145316
27810;1;5;2023;2;REGALIAS;1416344592;0.151351
27810;1;5;2023;2;REGALIAS;1114937464;0.117808
27810;1;6;2023;1;REGALIAS;1063241;0.009443
27810;1;6;2023;1;REGALIAS;2036186;0.017743
27810;1;6;2023;1;REGALIAS;2423052;0.022151
27810;1;6;2023;2;REGALIAS;1813173;0.016791
27810;1;6;2023;2;REGALIAS;1928392;0.017249
27810;1;6;2023;2;REGALIAS;1539291;0.013474
27810;1;11;2023;1;REGALIAS;15577884;0.002496
27810;1;11;2023;1;REGALIAS;77371779;0.013026
27810;1;11;2023;1;REGALIAS;48723366;0.008177
27810;1;11;2023;2;REGALIAS;27141107;0.004556
27810;1;11;2023;2;REGALIAS;38956833;0.006441
27810;1;11;2023;2;REGALIAS;28126140;0.004547
41001;1;2;2023;1;REGALIAS;1689329;952.56
41001;1;2;2023;2;REGALIAS;439766;4045.14
41001;1;4;2023;1;REGALIAS;887498;6544.8
41001;1;4;2023;2;REGALIAS;728343;7960.8
41001;1;5;2023;1;REGALIAS;38016036;0.002804
41001;1;5;2023;1;REGALIAS;161810888;0.011766
41001;1;5;2023;2;REGALIAS;68290200;0.004879
41001;1;5;2023;2;REGALIAS;34913149;0.002499
41001;1;5;2023;2;REGALIAS;36173223;0.002593
41001;1;6;2023;1;REGALIAS;53179;0.000564
41001;1;6;2023;1;REGALIAS;49212;0.000436
41001;1;6;2023;2;REGALIAS;231388;0.002115
41001;1;6;2023;2;REGALIAS;85095;0.000765
41001;1;6;2023;2;REGALIAS;25836;0.000223
41016;1;1;2023;1;REGALIAS;2654200;10685
41016;1;1;2023;2;REGALIAS;2457300;8758
41132;1;1;2023;1;REGALIAS;477745;15
41132;1;1;2023;2;REGALIAS;408000;1454
41132;1;2;2023;1;REGALIAS;353400;200.88
41132;1;4;2023;1;REGALIAS;498480;446.4
41132;1;5;2023;1;REGALIAS;9836238;0.00074
41132;1;5;2023;1;REGALIAS;83436022;0.006109
41132;1;5;2023;1;REGALIAS;35062473;0.002543
41132;1;5;2023;2;REGALIAS;31342789;0.002248
41132;1;5;2023;2;REGALIAS;49210967;0.003522
41132;1;5;2023;2;REGALIAS;25587595;0.001834
41132;1;6;2023;1;REGALIAS;60139;0.000638
41132;1;6;2023;1;REGALIAS;167821;0.001506
41132;1;6;2023;1;REGALIAS;12488;0.000114
41132;1;6;2023;2;REGALIAS;51406;0.000471
41132;1;6;2023;2;REGALIAS;100894;0.000877
41132;1;6;2023;2;REGALIAS;58438;0.000504
41298;1;5;2023;2;REGALIAS;9717624;0.001287
41298;1;6;2023;2;REGALIAS;2265;0.000025
41357;1;5;2023;1;REGALIAS;2149981;0.000246
41357;1;5;2023;1;REGALIAS;19406316;0.002111
41357;1;5;2023;1;REGALIAS;43694500;0.004776
41357;1;5;2023;2;REGALIAS;39210912;0.004186
41357;1;5;2023;2;REGALIAS;20142784;0.002164
41357;1;5;2023;2;REGALIAS;35422316;0.003809
41357;1;6;2023;1;REGALIAS;47539;0.000413
41357;1;6;2023;1;REGALIAS;3128;0.000029
41357;1;6;2023;2;REGALIAS;36445;0.000389
41357;1;6;2023;2;REGALIAS;3660;0.000032
41518;1;2;2023;1;REGALIAS;1339724;0
41518;1;2;2023;2;REGALIAS;298658;0
41518;1;4;2023;1;REGALIAS;1341646;0
41518;1;4;2023;2;REGALIAS;499173;0
41524;1;8;2023;1;REGALIAS;98165;968
41524;1;8;2023;2;REGALIAS;30755;268
41524;1;9;2023;1;REGALIAS;3014890;2632
41524;1;9;2023;2;REGALIAS;5818502;4496
41524;1;2;2023;1;REGALIAS;306546;1743.12
41524;1;4;2023;1;REGALIAS;432391;3871.2
41524;1;21;2023;1;REGALIAS;7516686;8125
41524;1;21;2023;1;REGALIAS;415509;442
41524;1;21;2023;2;REGALIAS;7123398;6697.6
41524;1;5;2023;1;REGALIAS;25525013;0.001936
41524;1;5;2023;1;REGALIAS;22960654;0.001678
41524;1;5;2023;1;REGALIAS;49263492;0.003584
41524;1;5;2023;2;REGALIAS;38558655;0.000277
41524;1;5;2023;2;REGALIAS;13757936;0.000985
41524;1;5;2023;2;REGALIAS;53495434;0.003831
41524;1;6;2023;1;REGALIAS;42600;0.000389
41524;1;6;2023;1;REGALIAS;38253;0.000332
41524;1;6;2023;1;REGALIAS;57173;0.000522
41524;1;6;2023;2;REGALIAS;60016;0.000556
41524;1;6;2023;2;REGALIAS;22873;0.000197
41524;1;6;2023;2;REGALIAS;89056;0.000779
41615;1;2;2023;1;REGALIAS;1737414;10317.78
41615;1;2;2023;2;REGALIAS;375623;0
41615;1;4;2023;1;REGALIAS;2251198;21530.4
41615;1;4;2023;2;REGALIAS;469130;0
41615;1;5;2023;1;REGALIAS;144393011;0.010725
41615;1;5;2023;1;REGALIAS;73405350;0.000534
41615;1;5;2023;2;REGALIAS;120436634;0.008564
41615;1;5;2023;2;REGALIAS;101769097;0.007274
41615;1;5;2023;2;REGALIAS;95702596;0.006992
41615;1;6;2023;1;REGALIAS;77001;0.000817
41615;1;6;2023;1;REGALIAS;49717;0.000468
41615;1;6;2023;2;REGALIAS;190008;0.001701
41615;1;6;2023;2;REGALIAS;365793;0.000332
41615;1;6;2023;2;REGALIAS;131988;0.001139
41676;1;8;2023;1;REGALIAS;20086;198
41676;1;8;2023;2;REGALIAS;15530;92
41676;1;21;2023;1;REGALIAS;13144087;13959.4
41676;1;21;2023;1;REGALIAS;1010715;1071.2
41676;1;21;2023;2;REGALIAS;17034128;15961.4
41797;1;2;2023;1;REGALIAS;5708076;40057.74
41797;1;2;2023;2;REGALIAS;1439242;87.48
41797;1;4;2023;1;REGALIAS;4518154;52495.2
41797;1;4;2023;2;REGALIAS;2405527;230.4
41799;1;2;2023;1;REGALIAS;83459;607.5
41799;1;2;2023;2;REGALIAS;42232;272.16
41799;1;4;2023;1;REGALIAS;628574;7209.6
41799;1;4;2023;2;REGALIAS;692018;7027.2
41801;1;21;2023;1;REGALIAS;5361251;7261.8
41801;1;21;2023;1;REGALIAS;282756;299
41801;1;21;2023;1;REGALIAS;138300;114.4
41801;1;21;2023;2;REGALIAS;207337;195
44001;1;3;2023;1;REGALIAS;555252;8926
44001;1;3;2023;2;REGALIAS;379872;5408
44001;1;4;2023;1;REGALIAS;307436;2755.2
44035;10;7;2023;1;REGALIAS;39317337354;0
44035;10;7;2023;1;REGALIAS;14135929303;0
44035;10;7;2023;1;REGALIAS;24447965915;0
44035;10;7;2023;2;REGALIAS;11535587227;0
44035;10;7;2023;2;REGALIAS;35788260837;0
44035;10;7;2023;2;REGALIAS;19492764951;0
44035;11;7;2023;1;REGALIAS;33321300397;1026099
44035;11;7;2023;1;COMPENSACIÓN;33321300397;0
44035;11;7;2023;2;REGALIAS;34020805679;1086631
44035;11;7;2023;2;COMPENSACIÓN;34020805679;0
44035;1;8;2023;1;REGALIAS;9975747;98335
44035;1;8;2023;2;REGALIAS;6286534;54863
44035;1;2;2023;1;REGALIAS;377170;0
44035;1;2;2023;2;REGALIAS;1124963;0
44035;1;3;2023;1;REGALIAS;726188;11674
44035;1;3;2023;2;REGALIAS;496795;7072
44035;1;4;2023;1;REGALIAS;3936836;3602.4
44035;1;4;2023;2;REGALIAS;7449342;0
44078;10;7;2023;1;REGALIAS;97656097796;0
44078;10;7;2023;1;REGALIAS;34757612312;0
44078;10;7;2023;1;REGALIAS;39881847042;0
44078;10;7;2023;2;REGALIAS;18608222536;0
44078;10;7;2023;2;REGALIAS;57849105900;0
44078;10;7;2023;2;REGALIAS;38842652478;0
44078;11;7;2023;1;REGALIAS;71310347667;2195937
44078;11;7;2023;1;COMPENSACIÓN;71310347667;0
44078;11;7;2023;2;REGALIAS;58522475773;1869219
44078;11;7;2023;2;COMPENSACIÓN;58522475773;0
44078;12;7;2023;1;REGALIAS;27199856330;144793
44078;12;7;2023;1;REGALIAS;21363263084;169665
44078;12;7;2023;1;REGALIAS;23485574523;200804
44078;12;7;2023;2;REGALIAS;14477365971;153224
44078;12;7;2023;2;REGALIAS;11784136734;16586
44078;12;7;2023;2;REGALIAS;11976041495;184858
44078;13;7;2023;1;REGALIAS;51490477267;1208548
44078;13;7;2023;2;REGALIAS;32518144365;794064
44078;1;2;2023;1;REGALIAS;1039467;8636.22
44078;1;2;2023;2;REGALIAS;3082399;22652.46
44078;1;4;2023;1;REGALIAS;9741663;127473.6
44078;1;4;2023;2;REGALIAS;20411197;236361.6
44090;1;2;2023;1;REGALIAS;4008258;22790.16
44090;1;2;2023;2;REGALIAS;3199424;16106.04
44090;1;4;2023;1;REGALIAS;2640071;23652
44090;1;4;2023;2;REGALIAS;2005371;15907.2
44378;14;7;2023;1;REGALIAS;26678958130;819056
44378;14;7;2023;1;COMPENSACIÓN;26678958130;0
44378;14;7;2023;2;REGALIAS;15900844634;507876
44378;14;7;2023;2;COMPENSACIÓN;15900844634;0
44378;1;2;2023;1;REGALIAS;84990;0
44378;1;2;2023;2;REGALIAS;247492;0
44378;1;3;2023;1;REGALIAS;568160;9134
44378;1;3;2023;2;REGALIAS;388730;5534
44378;1;4;2023;1;REGALIAS;1111088;2817.6
44378;1;4;2023;2;REGALIAS;1638855;0
44430;1;2;2023;1;REGALIAS;16547;0
44430;1;2;2023;2;REGALIAS;44999;0
44430;1;4;2023;1;REGALIAS;155078;0
44430;1;4;2023;2;REGALIAS;297974;0
44847;1;24;2023;1;REGALIAS;676801;575
44847;1;24;2023;2;REGALIAS;917673;691
47001;1;1;2023;1;REGALIAS;11223;40
47001;1;2;2023;1;REGALIAS;404000;2295.54
47001;1;3;2023;1;REGALIAS;388640;5532
47001;1;4;2023;1;REGALIAS;2616600;23443.2
47001;1;4;2023;2;REGALIAS;5298138;42026.4
47189;1;8;2023;1;REGALIAS;19119327;188466
47189;1;8;2023;2;REGALIAS;21440000;187109
47189;1;3;2023;2;REGALIAS;3073287;43746
50001;1;2;2023;1;REGALIAS;2776177;9110.7
50001;1;2;2023;1;REGALIAS;16078416;94109.04
50001;1;2;2023;2;REGALIAS;32056263;158251.32
50001;1;4;2023;1;REGALIAS;24910424;232046.4
50001;1;4;2023;2;REGALIAS;29352400;224980.8
50006;1;1;2023;1;REGALIAS;49100;175
50006;1;2;2023;1;REGALIAS;14421756;80559.36
50006;1;2;2023;2;REGALIAS;20857668;108120.42
50006;1;4;2023;1;REGALIAS;15493464;128292
50006;1;4;2023;2;REGALIAS;19269209;160699.2
50223;1;5;2023;2;REGALIAS;569492;0.000064
50223;1;6;2023;2;REGALIAS;1569;0.000014
50226;1;1;2023;1;REGALIAS;1004985;4176
50226;1;2;2023;1;REGALIAS;49534;0
50226;1;2;2023;2;REGALIAS;608933;3065.04
50226;1;4;2023;1;REGALIAS;3201163;0
50226;1;4;2023;2;REGALIAS;3258133;4540.8
50251;1;2;2023;1;REGALIAS;94066;0
50251;1;2;2023;2;REGALIAS;136418;0
50251;1;4;2023;1;REGALIAS;138830;0
50251;1;4;2023;2;REGALIAS;808913;0
50270;1;8;2023;1;REGALIAS;875300;8593
50270;1;9;2023;1;REGALIAS;4234900;3683
50287;1;4;2023;1;REGALIAS;1942100;1740
50287;1;4;2023;2;REGALIAS;1059000;84
50313;1;2;2023;1;REGALIAS;551034;3667.68
50313;1;2;2023;2;REGALIAS;559582;349.92
50313;1;4;2023;1;REGALIAS;2788470;26224.8
50313;1;4;2023;2;REGALIAS;8262087;71947.2
50318;1;2;2023;1;REGALIAS;626000;354.78
50318;1;4;2023;1;REGALIAS;15719546;140839.2
50318;1;4;2023;2;REGALIAS;1905000;15084
50568;1;2;2023;2;REGALIAS;70736;0
50568;1;4;2023;2;REGALIAS;113237;0
50573;1;2;2023;1;REGALIAS;1260538;10726.02
50573;1;2;2023;2;REGALIAS;21233;129.6
50573;1;4;2023;1;REGALIAS;7047869;91980
50573;1;4;2023;2;REGALIAS;7007330;67394.4
50606;1;2;2023;1;REGALIAS;10684;0
50606;1;4;2023;1;REGALIAS;4355229;47556
50606;1;4;2023;2;REGALIAS;6563048;73363.2
50680;1;2;2023;1;REGALIAS;585244;0
50680;1;2;2023;2;REGALIAS;4512;0
50680;1;4;2023;1;REGALIAS;825380;0
50680;1;4;2023;2;REGALIAS;1488978;0
50689;1;2;2023;2;REGALIAS;2312188;11639.7
50689;1;4;2023;2;REGALIAS;1982687;15727.2
52001;1;1;2023;1;REGALIAS;499605;2076
52079;1;5;2023;1;REGALIAS;55344595;0.006349
52079;1;5;2023;1;REGALIAS;35304480;0.004006
52079;1;5;2023;1;REGALIAS;25055136;0.002756
52079;1;5;2023;2;REGALIAS;51391348;0.005567
52079;1;5;2023;2;REGALIAS;40099419;0.004331
52079;1;5;2023;2;REGALIAS;22409287;0.002405
52079;1;6;2023;1;REGALIAS;98544;0.000933
52079;1;6;2023;1;REGALIAS;44558;0.0004
52079;1;6;2023;1;REGALIAS;30010;0.000261
52079;1;6;2023;2;REGALIAS;78555;0.000718
52079;1;6;2023;2;REGALIAS;53529;0.000483
52079;1;6;2023;2;REGALIAS;26053;0.000226
52287;1;4;2023;1;REGALIAS;1591174;14.4
52354;1;4;2023;1;REGALIAS;16040;0
52621;1;5;2023;1;REGALIAS;518000456;0.058676
52621;1;5;2023;1;REGALIAS;830369072;0.091469
52621;1;5;2023;1;REGALIAS;530898162;0.057899
52621;1;5;2023;2;REGALIAS;607527939;0.065494
52621;1;5;2023;2;REGALIAS;296568829;0.031783
52621;1;5;2023;2;REGALIAS;460790929;0.049478
52621;1;6;2023;1;REGALIAS;797858;0.007141
52621;1;6;2023;1;REGALIAS;1197544;0.010462
52621;1;6;2023;1;REGALIAS;877020;0.007836
52621;1;6;2023;2;REGALIAS;983004;0.009072
52621;1;6;2023;2;REGALIAS;458147;0.004047
52621;1;6;2023;2;REGALIAS;672474;0.005837
52696;1;5;2023;1;REGALIAS;21736495;0.002474
52696;1;5;2023;1;REGALIAS;79781859;0.008691
52696;1;5;2023;1;REGALIAS;59205133;0.006461
52696;1;5;2023;2;REGALIAS;37460914;0.004011
52696;1;5;2023;2;REGALIAS;66529309;0.007138
52696;1;5;2023;2;REGALIAS;30121217;0.003239
52696;1;6;2023;1;REGALIAS;28312;0.000266
52696;1;6;2023;1;REGALIAS;43259;0.000395
52696;1;6;2023;2;REGALIAS;10929;0.0001
52696;1;6;2023;2;REGALIAS;50891;0.000444
52835;1;2;2023;1;REGALIAS;473379;2692.44
52835;1;4;2023;1;REGALIAS;168758;1512
54001;1;7;2023;1;REGALIAS;4831834566;100762
54001;1;7;2023;2;REGALIAS;2468126655;54385
54001;1;1;2023;1;REGALIAS;3846324;1415
54001;1;1;2023;1;REGALIAS;1453533;5181
54001;1;4;2023;1;REGALIAS;7614647;6955.2
54001;1;4;2023;2;REGALIAS;7063276;5649.6
54051;1;7;2023;1;REGALIAS;328018522;8112
54051;1;7;2023;2;REGALIAS;56104462;1077
54099;1;7;2023;1;REGALIAS;1669064605;37186
54099;1;7;2023;2;REGALIAS;1410321690;42215
54109;1;25;2023;1;REGALIAS;12200293;420
54172;1;7;2023;1;REGALIAS;50648265;1807
54172;1;7;2023;2;REGALIAS;31214570;934
54174;1;7;2023;1;REGALIAS;212188902;5147
54174;1;7;2023;2;REGALIAS;22213212;609
54239;1;7;2023;1;REGALIAS;889791289;22711
54239;1;7;2023;2;REGALIAS;401921754;12031
54261;1;7;2023;1;REGALIAS;8139858897;168681
54261;1;7;2023;2;REGALIAS;4350748955;93309
54261;1;4;2023;1;REGALIAS;1922175;2356.8
54261;1;4;2023;2;REGALIAS;2656351;30787.2
54347;1;7;2023;1;REGALIAS;106638647;255
54347;1;7;2023;2;REGALIAS;32354122;968
54377;1;7;2023;1;REGALIAS;101415205;1966
54377;1;7;2023;2;REGALIAS;122701348;1959
54405;1;7;2023;1;REGALIAS;1200393;31
54405;1;8;2023;1;REGALIAS;7855986;77139
54405;1;8;2023;2;REGALIAS;8844265;77185
54405;1;1;2023;1;REGALIAS;2437021;10127
54405;1;1;2023;2;REGALIAS;2588734;10757
54405;1;1;2023;1;REGALIAS;990650;3987
54405;1;1;2023;2;REGALIAS;861361;307
54518;1;7;2023;1;REGALIAS;421653433;891
54520;1;7;2023;1;REGALIAS;186299633;5478
54520;1;7;2023;2;REGALIAS;340413342;1019
54660;1;7;2023;1;REGALIAS;997006859;21148
54660;1;7;2023;2;REGALIAS;263542879;5116
54673;1;7;2023;1;REGALIAS;1292466008;35073
54673;1;7;2023;2;REGALIAS;711123541;21286
54673;1;4;2023;1;REGALIAS;1517438;7312.8
54673;1;4;2023;2;REGALIAS;2022930;6427.2
54680;1;7;2023;1;REGALIAS;1418188616;35791
54680;1;7;2023;2;REGALIAS;218918513;6552
54720;1;7;2023;1;REGALIAS;17767124179;293654
54720;1;7;2023;2;REGALIAS;14057126136;242098
54720;1;8;2023;1;REGALIAS;105063;1035
54720;1;8;2023;2;REGALIAS;254653;221
54810;1;7;2023;1;REGALIAS;708925283;1351
54810;1;7;2023;2;REGALIAS;801269712;14607
54820;1;7;2023;1;REGALIAS;1099120138;16604
54820;1;7;2023;2;REGALIAS;824236048;14192
54874;1;1;2023;1;REGALIAS;735353;2617
54874;1;1;2023;2;REGALIAS;569565;203
54874;1;4;2023;1;REGALIAS;4130433;3561.6
54874;1;4;2023;2;REGALIAS;4397839;343.2
63130;1;2;2023;1;REGALIAS;1424953;8101.62
63130;1;2;2023;2;REGALIAS;1223501;6159.24
63130;1;4;2023;1;REGALIAS;1609435;18002.4
63130;1;4;2023;2;REGALIAS;1725607;13687.2
63401;1;2;2023;1;REGALIAS;1605344;9128.7
63401;1;4;2023;1;REGALIAS;759955;6808.8
66001;1;3;2023;1;REGALIAS;4439066;71370
66001;1;3;2023;2;REGALIAS;7748486;104184
66001;1;4;2023;1;REGALIAS;19694345;176452.8
66001;1;4;2023;2;REGALIAS;12595049;99907.2
66075;1;2;2023;1;REGALIAS;510846;2904.66
66075;1;4;2023;1;REGALIAS;1235832;11071.2
66075;1;4;2023;2;REGALIAS;2581535;20467.2
66400;1;2;2023;2;REGALIAS;90005;453.6
66400;1;3;2023;2;REGALIAS;1021724;20642
66400;1;4;2023;2;REGALIAS;56414;446.4
66456;1;5;2023;1;REGALIAS;858252;0.000097
66456;1;5;2023;2;REGALIAS;3153396;0.000342
66456;1;5;2023;2;REGALIAS;1906575;0.000203
66456;1;6;2023;1;REGALIAS;3798;0.000033
66456;1;6;2023;2;REGALIAS;8035;0.000074
66456;1;6;2023;2;REGALIAS;6824;0.000064
66594;1;1;2023;1;REGALIAS;2359511;841
66594;1;5;2023;1;REGALIAS;62345086;0.007072
66594;1;5;2023;1;REGALIAS;103909125;0.011506
66594;1;5;2023;1;REGALIAS;57717157;0.006277
66594;1;5;2023;2;REGALIAS;64372254;0.006986
66594;1;5;2023;2;REGALIAS;101332444;0.010887
66594;1;5;2023;2;REGALIAS;52815707;0.005678
66594;1;6;2023;1;REGALIAS;19028;0.000165
66594;1;6;2023;1;REGALIAS;21739;0.000189
66594;1;6;2023;1;REGALIAS;14608;0.000133
66594;1;6;2023;2;REGALIAS;24618;0.000231
66594;1;6;2023;2;REGALIAS;28176;0.000244
66594;1;6;2023;2;REGALIAS;20200;0.000179
66687;1;2;2023;2;REGALIAS;192673;970.38
66687;1;4;2023;2;REGALIAS;120767;957.6
68001;1;4;2023;1;REGALIAS;26800;240
68020;1;7;2023;1;REGALIAS;27291307;697
68051;1;2;2023;1;REGALIAS;13214003;93882.24
68051;1;2;2023;2;REGALIAS;16848885;103788.54
68051;1;4;2023;1;REGALIAS;14680245;150643.2
68051;1;4;2023;2;REGALIAS;19354089;173193.6
68079;1;8;2023;1;REGALIAS;314446;309
68079;1;8;2023;2;REGALIAS;396969;3464
68081;1;1;2023;1;REGALIAS;240951;859
68081;1;2;2023;1;REGALIAS;2647387;15053.04
68081;1;2;2023;2;REGALIAS;3766128;18958.86
68081;1;4;2023;1;REGALIAS;5807668;52034.4
68081;1;4;2023;2;REGALIAS;8261717;65534.4
68121;1;4;2023;1;REGALIAS;223850;0
68132;1;5;2023;2;REGALIAS;25603562;0.003049
68132;1;5;2023;2;REGALIAS;17124680;0.001838
68132;1;5;2023;2;REGALIAS;10010512;0.001076
68132;1;6;2023;2;REGALIAS;2892134;0.027249
68132;1;6;2023;2;REGALIAS;743202;0.006414
68132;1;6;2023;2;REGALIAS;203892;0.000181
68147;1;7;2023;1;REGALIAS;24253106;619
68147;1;7;2023;2;REGALIAS;105110252;224
68160;1;2;2023;1;REGALIAS;265563;1509.84
68160;1;2;2023;2;REGALIAS;512120;2577.42
68160;1;4;2023;1;REGALIAS;962406;8620.8
68160;1;4;2023;2;REGALIAS;120372;955.2
68229;1;8;2023;1;REGALIAS;5257241;51722
68229;1;8;2023;2;REGALIAS;4645210;40539
68266;1;7;2023;1;REGALIAS;287658644;6641
68266;1;7;2023;2;REGALIAS;93655957;2795
68307;1;1;2023;1;REGALIAS;1797957;6408
68307;1;1;2023;2;REGALIAS;267200;952
68385;1;7;2023;1;REGALIAS;1093689883;35353
68385;1;7;2023;2;REGALIAS;620997494;12839
68418;1;24;2023;1;REGALIAS;104902972;89179
68418;1;24;2023;1;COMPENSACIÓN;172326052;0
68418;1;24;2023;2;REGALIAS;128890842;97018
68418;1;24;2023;2;COMPENSACIÓN;192513385;0
68418;1;2;2023;1;REGALIAS;3687310;221.94
68418;1;2;2023;2;REGALIAS;4388019;3120.12
68418;1;4;2023;1;REGALIAS;2500509;328.8
68418;1;4;2023;2;REGALIAS;3063360;4622.4
68500;1;8;2023;1;REGALIAS;635501;6243
68500;1;1;2023;1;REGALIAS;813222;4831
68500;1;1;2023;2;REGALIAS;438512;2451
68500;1;1;2023;2;REGALIAS;73887;263
68522;1;4;2023;1;REGALIAS;122977;0
68547;1;2;2023;1;REGALIAS;2930463;16661.7
68547;1;2;2023;2;REGALIAS;3069836;15453.18
68547;1;4;2023;1;REGALIAS;2554341;22884
68547;1;4;2023;2;REGALIAS;3343807;26524.8
68549;1;8;2023;1;REGALIAS;2268051;22357
68549;1;8;2023;2;REGALIAS;2862570;24982
68615;1;5;2023;1;REGALIAS;19674696;0.002261
68615;1;5;2023;1;REGALIAS;21195762;0.002391
68615;1;5;2023;1;REGALIAS;25538588;0.002773
68615;1;5;2023;2;REGALIAS;33085761;0.002407
68615;1;5;2023;2;REGALIAS;38530048;0.000274
68615;1;5;2023;2;REGALIAS;39193147;0.002805
68655;1;2;2023;1;REGALIAS;1376291;47.7
68655;1;2;2023;1;REGALIAS;820600;466.56
68655;1;4;2023;1;REGALIAS;541077;4802.4
68679;1;1;2023;1;REGALIAS;4351694;1551
68686;1;7;2023;1;REGALIAS;20979450;536
68686;1;7;2023;2;REGALIAS;39311704;1177
68755;1;8;2023;1;REGALIAS;37130;366
68755;1;4;2023;1;REGALIAS;603906;84
68773;1;26;2023;1;REGALIAS;25404;44
68861;1;7;2023;1;REGALIAS;815142923;22095
68867;1;5;2023;1;REGALIAS;4889779;0.000559
68867;1;5;2023;1;REGALIAS;29684516;0.003247
68867;1;5;2023;1;REGALIAS;36561120;0.000399
68867;1;5;2023;2;REGALIAS;15965593;0.001703
68867;1;5;2023;2;REGALIAS;21108053;0.002265
68867;1;5;2023;2;REGALIAS;24042212;0.002585
68867;1;6;2023;1;REGALIAS;4530;0.000043
68867;1;6;2023;1;REGALIAS;49428;0.00043
68867;1;6;2023;1;REGALIAS;50262;0.000459
68867;1;6;2023;2;REGALIAS;23959;0.000225
68867;1;6;2023;2;REGALIAS;27780;0.00024
68867;1;6;2023;2;REGALIAS;28243;0.00025
68872;1;24;2023;1;REGALIAS;2301007;1956
68872;1;24;2023;1;COMPENSACIÓN;14504153;0
68872;1;24;2023;2;REGALIAS;1655188;1246
68872;1;24;2023;2;COMPENSACIÓN;9237026;0
68895;1;24;2023;1;REGALIAS;20832997;17712
68895;1;24;2023;1;COMPENSACIÓN;156240771;0
68895;1;24;2023;2;REGALIAS;47648573;35866
68895;1;24;2023;2;COMPENSACIÓN;127496420;0
70204;1;3;2023;2;REGALIAS;24736;0
70771;1;5;2023;1;REGALIAS;9815940;0.001122
70771;1;5;2023;1;REGALIAS;12804002;0.001587
70771;1;5;2023;1;REGALIAS;23548121;0.003277
70771;1;5;2023;2;REGALIAS;107432878;0.001285
70771;1;5;2023;2;REGALIAS;224386363;0.024725
70771;1;5;2023;2;REGALIAS;121607833;0.013232
70771;1;6;2023;1;REGALIAS;13260;0.000125
70771;1;6;2023;1;REGALIAS;22381;0.000209
70771;1;6;2023;1;REGALIAS;42133;0.000437
70771;1;6;2023;2;REGALIAS;126152;0.001185
70771;1;6;2023;2;REGALIAS;294981;0.002652
70771;1;6;2023;2;REGALIAS;152689;0.001363
70823;1;8;2023;1;REGALIAS;23994619;236168
70823;1;8;2023;2;REGALIAS;27143774;236739
70823;1;1;2023;1;REGALIAS;32101865;114415
70823;1;1;2023;2;REGALIAS;18506034;65958
70823;1;3;2023;2;REGALIAS;2376791;34184
73001;1;25;2023;1;REGALIAS;40022883;0
73001;1;25;2023;2;REGALIAS;38722926;31568
73001;1;2;2023;1;REGALIAS;2512666;14970.42
73001;1;4;2023;1;REGALIAS;1149901;12350.4
73001;1;5;2023;2;REGALIAS;51647639;0.005552
73001;1;6;2023;2;REGALIAS;16958;0.000149
73030;1;1;2023;1;REGALIAS;152023;542
73043;1;5;2023;1;REGALIAS;4432358;0.0005
73043;1;5;2023;2;REGALIAS;9313638;0.000001
73067;1;5;2023;1;REGALIAS;58416379;0.004393
73067;1;5;2023;1;REGALIAS;69221006;0.000505
73067;1;5;2023;1;REGALIAS;20618206;0.000015
73067;1;5;2023;2;REGALIAS;67654552;0.004811
73067;1;5;2023;2;REGALIAS;18303129;0.000131
73067;1;5;2023;2;REGALIAS;131083938;0.009382
73148;1;2;2023;1;REGALIAS;177565;1006.02
73148;1;4;2023;1;REGALIAS;235573;2109.6
73168;1;5;2023;1;REGALIAS;59497264;0.006869
73168;1;5;2023;2;REGALIAS;69509974;0.007486
73168;1;5;2023;2;REGALIAS;132543221;0.014168
73168;1;5;2023;2;REGALIAS;153788763;0.016519
73168;1;6;2023;1;REGALIAS;112038;0.001061
73168;1;6;2023;2;REGALIAS;151558;0.001404
73168;1;6;2023;2;REGALIAS;292393;0.002662
73168;1;6;2023;2;REGALIAS;321927;0.002805
73200;1;1;2023;1;REGALIAS;63000;225
73200;1;2;2023;1;REGALIAS;4254273;27528.66
73200;1;2;2023;2;REGALIAS;4984764;28743.66
73200;1;4;2023;1;REGALIAS;1360882;14200.8
73200;1;4;2023;2;REGALIAS;819539;7984.8
73217;1;5;2023;1;REGALIAS;12249713;0.000145
73217;1;5;2023;1;REGALIAS;18658204;0.002094
73217;1;5;2023;1;REGALIAS;64630561;0.007036
73217;1;5;2023;2;REGALIAS;61509870;0.006625
73217;1;5;2023;2;REGALIAS;103671303;0.011084
73217;1;5;2023;2;REGALIAS;98402917;0.010571
73217;1;6;2023;1;REGALIAS;23726;0.000222
73217;1;6;2023;1;REGALIAS;44730;0.000389
73217;1;6;2023;1;REGALIAS;129096;0.001154
73217;1;6;2023;2;REGALIAS;116020;0.001075
73217;1;6;2023;2;REGALIAS;178239;0.001621
73217;1;6;2023;2;REGALIAS;194256;0.001695
73268;1;2;2023;1;REGALIAS;2659162;377.46
73268;1;2;2023;2;REGALIAS;1465600;0
73268;1;4;2023;1;REGALIAS;2442980;261.6
73268;1;4;2023;2;REGALIAS;1795426;0
73270;1;5;2023;1;REGALIAS;67168129;0.008813
73270;1;5;2023;1;REGALIAS;146734132;0.019438
73270;1;5;2023;1;REGALIAS;30916443;0.003674
73270;1;5;2023;2;REGALIAS;8544739;0.000916
73270;1;5;2023;2;REGALIAS;77270147;0.009926
73270;1;5;2023;2;REGALIAS;6994714;0.000751
73270;1;6;2023;1;REGALIAS;127015;0.000131
73270;1;6;2023;1;REGALIAS;255456;0.002685
73270;1;6;2023;1;REGALIAS;54494;0.000515
73270;1;6;2023;2;REGALIAS;18575;0.000173
73270;1;6;2023;2;REGALIAS;169640;0.001711
73270;1;6;2023;2;REGALIAS;15819;0.000138
73275;1;2;2023;1;REGALIAS;7510940;37062.36
73275;1;2;2023;2;REGALIAS;1090475;0
73275;1;4;2023;1;REGALIAS;840342;0
73275;1;4;2023;2;REGALIAS;964220;0
73319;1;2;2023;1;REGALIAS;4247375;28184.76
73319;1;2;2023;2;REGALIAS;5698158;3419.82
73319;1;4;2023;1;REGALIAS;4857534;51031.2
73319;1;4;2023;2;REGALIAS;6571997;62193.6
73408;1;5;2023;1;REGALIAS;14353587;0.001712
73408;1;5;2023;1;REGALIAS;18177288;0.002021
73408;1;5;2023;1;REGALIAS;27591602;0.003003
73408;1;5;2023;2;REGALIAS;19054107;0.002049
73408;1;5;2023;2;REGALIAS;34426492;0.003685
73408;1;5;2023;2;REGALIAS;21455269;0.002305
73408;1;6;2023;1;REGALIAS;36497;0.000369
73408;1;6;2023;1;REGALIAS;43460;0.000378
73408;1;6;2023;1;REGALIAS;57630;0.000513
73408;1;6;2023;2;REGALIAS;38698;0.000359
73408;1;6;2023;2;REGALIAS;74773;0.00067
73408;1;6;2023;2;REGALIAS;43434;0.00038
73411;1;5;2023;1;REGALIAS;172623041;0.019472
73411;1;5;2023;1;REGALIAS;196239331;0.021513
73411;1;5;2023;1;REGALIAS;134516918;0.014679
73411;1;5;2023;2;REGALIAS;163251691;0.017582
73411;1;5;2023;2;REGALIAS;321740760;0.034487
73411;1;5;2023;2;REGALIAS;238482170;0.025641
73411;1;6;2023;1;REGALIAS;2133;0.000025
73411;1;6;2023;1;REGALIAS;1452121;0.015411
73411;1;6;2023;2;REGALIAS;5732071;0.053901
73411;1;6;2023;2;REGALIAS;10876206;0.094533
73443;1;5;2023;1;REGALIAS;12719865;0.001502
73443;1;5;2023;1;REGALIAS;21285066;0.002379
73443;1;5;2023;1;REGALIAS;39041199;0.004251
73443;1;5;2023;2;REGALIAS;28796284;0.000031
73443;1;5;2023;2;REGALIAS;39175741;0.004191
73443;1;5;2023;2;REGALIAS;40607013;0.004362
73443;1;6;2023;1;REGALIAS;29032;0.000275
73443;1;6;2023;1;REGALIAS;47515;0.000413
73443;1;6;2023;1;REGALIAS;79794;0.000714
73443;1;6;2023;2;REGALIAS;55415;0.000513
73443;1;6;2023;2;REGALIAS;86875;0.000785
73443;1;6;2023;2;REGALIAS;88806;0.000774
73449;1;2;2023;1;REGALIAS;506100;2877.12
73449;1;4;2023;1;REGALIAS;320338;0
73449;1;4;2023;2;REGALIAS;336900;0
73504;1;2;2023;1;REGALIAS;234810;0
73504;1;2;2023;2;REGALIAS;1671685;8461.26
73504;1;4;2023;1;REGALIAS;147193;0
73504;1;4;2023;2;REGALIAS;1380659;10996.8
73504;1;5;2023;1;REGALIAS;14959930;0.001792
73504;1;5;2023;1;REGALIAS;20486626;0.002302
73504;1;5;2023;1;REGALIAS;44893789;0.004886
73504;1;5;2023;2;REGALIAS;24946619;0.002686
73504;1;5;2023;2;REGALIAS;55611653;0.005951
73504;1;5;2023;2;REGALIAS;38866570;0.004176
73504;1;6;2023;1;REGALIAS;26753;0.000257
73504;1;6;2023;1;REGALIAS;42889;0.000373
73504;1;6;2023;1;REGALIAS;95834;0.000854
73504;1;6;2023;2;REGALIAS;48713;0.000451
73504;1;6;2023;2;REGALIAS;105862;0.00095
73504;1;6;2023;2;REGALIAS;71241;0.000624
73671;1;2;2023;1;REGALIAS;40291856;225064.98
73671;1;2;2023;2;REGALIAS;1095226;0
73671;1;4;2023;1;REGALIAS;35740631;310135.2
73671;1;4;2023;2;REGALIAS;1268556;0
73678;1;8;2023;1;REGALIAS;72367666;713353
73678;1;8;2023;2;REGALIAS;686572;5991
73678;1;2;2023;1;REGALIAS;1046278;6598.26
73678;1;2;2023;2;REGALIAS;547203;2708.64
73678;1;4;2023;1;REGALIAS;809306;6518.4
73678;1;4;2023;2;REGALIAS;623811;4903.2
73678;1;21;2023;1;REGALIAS;420400;447.2
73678;1;21;2023;1;REGALIAS;1231230;1287
73678;1;21;2023;2;REGALIAS;32022;31.2
73770;1;2;2023;1;REGALIAS;20015900;127816.38
73770;1;2;2023;2;REGALIAS;4138395;26608.5
73770;1;4;2023;1;REGALIAS;9372284;104356.8
73770;1;4;2023;2;REGALIAS;5585067;57060
73854;1;1;2023;2;REGALIAS;11343000;230
73854;1;9;2023;1;REGALIAS;102052;267
73854;1;9;2023;2;REGALIAS;109942;255
73861;1;5;2023;1;REGALIAS;6118849;0.00069
73861;1;5;2023;1;REGALIAS;9695539;0.001072
73861;1;5;2023;1;REGALIAS;18063670;0.001967
73861;1;5;2023;2;REGALIAS;8660765;0.000929
73861;1;5;2023;2;REGALIAS;14445801;0.001548
73861;1;5;2023;2;REGALIAS;11233637;0.001207
73861;1;6;2023;1;REGALIAS;15398;0.000134
73861;1;6;2023;1;REGALIAS;19369;0.000168
73861;1;6;2023;1;REGALIAS;37078;0.000331
73861;1;6;2023;2;REGALIAS;18654;0.000174
73861;1;6;2023;2;REGALIAS;31012;0.000275
73861;1;6;2023;2;REGALIAS;22172;0.000194
76001;1;7;2023;1;REGALIAS;23069100;1234
76001;1;7;2023;2;REGALIAS;4728924;142
76001;1;2;2023;1;REGALIAS;1003288;651.24
76001;1;13;2023;1;REGALIAS;4358717;22605
76001;1;13;2023;2;REGALIAS;2052843;6564
76001;1;3;2023;2;REGALIAS;1023319;14566
76041;1;1;2023;1;REGALIAS;9999477;36356
76041;1;1;2023;2;REGALIAS;2168047;7727
76041;1;2;2023;1;REGALIAS;499734;2841.48
76041;1;4;2023;1;REGALIAS;1466182;13132.8
76041;1;4;2023;2;REGALIAS;6408250;50817.6
76113;1;1;2023;1;REGALIAS;4451216;176
76122;1;1;2023;1;REGALIAS;447000;1593
76122;1;2;2023;1;REGALIAS;1850048;10517.04
76122;1;2;2023;2;REGALIAS;1588499;7996.32
76122;1;4;2023;1;REGALIAS;2089565;23371.2
76122;1;4;2023;2;REGALIAS;2240393;17772
76147;1;1;2023;1;REGALIAS;3912989;13946
76147;1;1;2023;2;REGALIAS;2092180;7457
76243;1;4;2023;1;REGALIAS;197986;1773.6
76243;1;4;2023;2;REGALIAS;413215;3276
76275;1;3;2023;1;REGALIAS;1492800;24
76364;1;7;2023;1;REGALIAS;147923021;6131
76364;1;7;2023;2;REGALIAS;102421920;4691
76364;1;2;2023;1;REGALIAS;2835470;1981.26
76364;1;2;2023;2;REGALIAS;1248102;6271.02
76364;1;4;2023;1;REGALIAS;599065;6811.2
76364;1;5;2023;2;REGALIAS;28807267;0.000439
76403;1;2;2023;1;REGALIAS;2519935;14325.66
76403;1;4;2023;1;REGALIAS;997167;8935.2
76520;1;2;2023;1;REGALIAS;4375;0
76520;1;3;2023;2;REGALIAS;968648;13788
76616;1;1;2023;1;REGALIAS;197482;1104
76616;1;1;2023;2;REGALIAS;162800;910
76616;1;4;2023;1;REGALIAS;3382000;30297.6
76616;1;4;2023;2;REGALIAS;3422000;2714.4
76622;1;1;2023;1;REGALIAS;372605;15
76622;1;2;2023;1;REGALIAS;847523;4819.5
76834;1;3;2023;2;REGALIAS;1167217;16614
76869;1;8;2023;1;REGALIAS;2373048;23392
76869;1;8;2023;2;REGALIAS;4270136;37266
76892;1;8;2023;1;REGALIAS;34658111;341393
76892;1;8;2023;1;COMPENSACIÓN;5559194;0
76892;1;8;2023;2;REGALIAS;20681132;180487
76892;1;8;2023;2;COMPENSACIÓN;1233511;0
76892;1;2;2023;2;REGALIAS;351416;2893.8
76892;1;9;2023;1;REGALIAS;430536;966
76892;1;2;2023;1;REGALIAS;23945;427.68
76892;1;13;2023;1;REGALIAS;10637527;460152
76892;1;13;2023;2;REGALIAS;3347349;107034
76892;1;3;2023;2;REGALIAS;8995898;127228
76895;1;2;2023;1;REGALIAS;85;0
76895;1;3;2023;2;REGALIAS;984244;14010
81001;1;1;2023;2;REGALIAS;1179306;4203
81736;1;4;2023;1;REGALIAS;7541049;67564.8
81736;1;4;2023;2;REGALIAS;11301998;89652
85001;1;1;2023;1;REGALIAS;161462;650
85001;1;4;2023;1;REGALIAS;3924195;4764
85001;1;4;2023;2;REGALIAS;3058360;34240.8
85010;1;4;2023;1;REGALIAS;1876059;0
85010;1;4;2023;2;REGALIAS;1272525;0
85225;1;4;2023;1;REGALIAS;205560;0
85410;1;4;2023;1;REGALIAS;6473601;63688.8
85410;1;4;2023;2;REGALIAS;1274995;10113.6
86001;1;4;2023;1;REGALIAS;2833217;27247.2
86571;1;2;2023;1;REGALIAS;6998639;42150.78
86571;1;4;2023;1;REGALIAS;4764848;45218.4
86757;1;4;2023;1;REGALIAS;718735;6338.4
94001;1;1;2023;1;REGALIAS;383397;1102
94001;1;1;2023;2;REGALIAS;762810;4217
94001;1;5;2023;1;REGALIAS;11113587;0.000142
94001;1;5;2023;1;REGALIAS;37836805;0.004903
94001;1;5;2023;1;REGALIAS;50051040;0.006036
94001;1;5;2023;2;REGALIAS;61279004;0.006943
94001;1;5;2023;2;REGALIAS;28277183;0.003086
94001;1;5;2023;2;REGALIAS;55375077;0.005928
94001;1;6;2023;1;REGALIAS;15208;0.000176
94001;1;6;2023;1;REGALIAS;45686;0.000522
94001;1;6;2023;1;REGALIAS;71070;0.000719
94001;1;6;2023;2;REGALIAS;114831;0.001021
94001;1;6;2023;2;REGALIAS;46550;0.000425
94001;1;6;2023;2;REGALIAS;79058;0.00071
95001;1;2;2023;2;REGALIAS;654764;3651.48
95001;1;4;2023;2;REGALIAS;1048168;9213.6
